{
    "/usr/lib/libbz2.so.1": [
        1589078972.2353482,
        1589078973.6586637
    ],
    "/usr/lib/libncursesw.so.6.2": [
        1589078967.5420732,
        1589078973.5886648
    ],
    "/usr/lib/libcrypt-2.31.so": [
        1589078972.1920154,
        1589078973.5986645
    ],
    "/usr/lib/libcrypt.so.1": [
        1589078972.1920154,
        1589078973.5986645
    ],
    "/usr/lib/libbfd-2.34.so": [
        1589078967.482074,
        1589078973.5253322
    ],
    "/usr/lib/libmpc.so.3.1.0": [
        1589078967.3320758,
        1589078973.385334
    ],
    "/usr/lib/libffi.so.7": [
        1589078967.5354068,
        1589078973.581998
    ],
    "/usr/lib/libutil.so": [
        1589078972.1920154,
        1589078973.6019979
    ],
    "/usr/lib/libutil-2.31.so": [
        1589078972.1920154,
        1589078973.6019979
    ],
    "/usr/lib/libdl-2.31.so": [
        1589078972.1920154,
        1589078973.6019979
    ],
    "/usr/lib/libreadline.so.8": [
        1589078967.5420732,
        1589078973.5886648
    ],
    "/usr/lib/ld-linux-x86-64.so.2": [
        1589078972.188682,
        1589078973.5986645
    ],
    "/usr/lib/libdl.so.2": [
        1589078972.1920154,
        1589078973.6019979
    ],
    "/usr/lib/libgc.so.1.4.3": [
        1589078967.5354068,
        1589078973.581998
    ],
    "/usr/lib/libmpfr.so.6.0.2": [
        1589078967.3320758,
        1589078973.385334
    ],
    "/usr/lib/libgcc_s.so.1": [
        1589078967.492074,
        1589078973.5386653
    ],
    "/usr/lib/libc.so": [
        1589078967.4854074,
        1589078973.5286655
    ],
    "/usr/lib/libunistring.so.2.1.0": [
        1589078972.09535,
        1589078973.581998
    ],
    "/usr/lib/libctf.so.0.0.0": [
        1589078967.482074,
        1589078973.5253322
    ],
    "/usr/lib/libc_nonshared.a": [
        1589078967.4887407,
        1589078973.535332
    ],
    "/usr/lib/libmpc.so.3": [
        1589078967.3320758,
        1589078973.385334
    ],
    "/usr/lib/libguile-2.2.so.1": [
        1589078967.5354068,
        1589078973.581998
    ],
    "/usr/lib/libbz2.so.1.0.8": [
        1589078972.2353482,
        1589078973.6586637
    ],
    "/usr/lib/libattr.so.1.1.2448": [
        1589078972.09535,
        1589078973.5553317
    ],
    "/usr/lib/libffi.so.7.1.0": [
        1589078967.5354068,
        1589078973.581998
    ],
    "/usr/lib/libpthread-2.31.so": [
        1589078972.1920154,
        1589078973.6019979
    ],
    "/usr/lib/libguile-2.2.so.1.4.1": [
        1589078967.5354068,
        1589078973.581998
    ],
    "/usr/lib/libz.so.1.2.11": [
        1589078972.198682,
        1589078973.6086645
    ],
    "/usr/lib/libtic.so.6": [
        1589078967.5420732,
        1589078973.5886648
    ],
    "/usr/lib/crti.o": [
        1589078967.482074,
        1589078973.5286655
    ],
    "/usr/lib/libutil.so.1": [
        1589078972.1920154,
        1589078973.6019979
    ],
    "/usr/lib/liblzma.so.5.2.5": [
        1589078972.2353482,
        1589078973.6586637
    ],
    "/usr/lib/libguile-2.2.so": [
        1589078967.5354068,
        1589078973.581998
    ],
    "/usr/lib/libattr.so.1": [
        1589078972.09535,
        1589078973.5553317
    ],
    "/usr/lib/libgc.so": [
        1589078967.5354068,
        1589078973.581998
    ],
    "/usr/lib/libz.so": [
        1589078972.198682,
        1589078973.6086645
    ],
    "/usr/lib/libdl.so": [
        1589078972.1920154,
        1589078973.6019979
    ],
    "/usr/lib/liblzma.so.5": [
        1589078972.2353482,
        1589078973.6586637
    ],
    "/usr/lib/libltdl.so.7": [
        1589078967.5354068,
        1589078973.581998
    ],
    "/usr/lib/liblzma.so": [
        1589078972.2353482,
        1589078973.6586637
    ],
    "/usr/lib/crtn.o": [
        1589078967.4954073,
        1589078973.5386653
    ],
    "/usr/lib/libltdl.so": [
        1589078967.5354068,
        1589078973.581998
    ],
    "/usr/lib/libmpfr.so.6": [
        1589078967.3320758,
        1589078973.385334
    ],
    "/usr/lib/Scrt1.o": [
        1589078967.482074,
        1589078973.5286655
    ],
    "/usr/lib/libattr.so": [
        1589078972.09535,
        1589078973.5553317
    ],
    "/usr/lib/libacl.so.1": [
        1589078972.09535,
        1589078973.5553317
    ],
    "/usr/lib/libctf.so.0": [
        1589078967.482074,
        1589078973.5253322
    ],
    "/usr/lib/libtinfo.so.6": [
        1589078967.5420732,
        1589078973.5886648
    ],
    "/usr/lib/libpthread.so": [
        1589078972.1920154,
        1589078973.6019979
    ],
    "/usr/lib/libbz2.so": [
        1589078972.2353482,
        1589078973.6586637
    ],
    "/usr/lib/libpthread.so.0": [
        1589078972.1920154,
        1589078973.6019979
    ],
    "/usr/lib/libgmp.so.10": [
        1589078967.5354068,
        1589078973.581998
    ],
    "/usr/lib/libgc.so.1": [
        1589078967.5354068,
        1589078973.581998
    ],
    "/usr/lib/libbz2.so.1.0": [
        1589078972.2353482,
        1589078973.6586637
    ],
    "/usr/lib/libltdl.so.7.3.1": [
        1589078967.5354068,
        1589078973.581998
    ],
    "/usr/lib/libncursesw.so": [
        1589078967.5420732,
        1589078973.5886648
    ],
    "/usr/lib/libctf.so": [
        1589078967.482074,
        1589078973.5253322
    ],
    "/usr/lib/libreadline.so": [
        1589078967.5420732,
        1589078973.5886648
    ],
    "/usr/lib/libunistring.so.2": [
        1589078972.09535,
        1589078973.581998
    ],
    "/usr/lib/libgmp.so.10.4.0": [
        1589078967.5354068,
        1589078973.581998
    ],
    "/usr/lib/libmpc.so": [
        1589078967.3320758,
        1589078973.385334
    ],
    "/usr/lib/libacl.so.1.1.2253": [
        1589078972.09535,
        1589078973.5553317
    ],
    "/usr/lib/libunistring.so": [
        1589078972.09535,
        1589078973.581998
    ],
    "/usr/lib/libc-2.31.so": [
        1589078972.1920154,
        1589078973.6019979
    ],
    "/usr/lib/libacl.so": [
        1589078972.09535,
        1589078973.5553317
    ],
    "/usr/lib/libffi.so": [
        1589078967.5354068,
        1589078973.581998
    ],
    "/usr/lib/libc.so.6": [
        1589078972.1920154,
        1589078973.6019979
    ],
    "/usr/lib/libm-2.31.so": [
        1589078972.1920154,
        1589078973.6019979
    ],
    "/usr/lib/libz.so.1": [
        1589078972.198682,
        1589078973.6086645
    ],
    "/usr/lib/libgcc_s.so": [
        1589078967.492074,
        1589078973.5386653
    ],
    "/usr/lib/libm.so.6": [
        1589078972.1920154,
        1589078973.6019979
    ],
    "/usr/lib/libncursesw.so.6": [
        1589078967.5420732,
        1589078973.5886648
    ],
    "/usr/lib/libmpfr.so": [
        1589078967.3320758,
        1589078973.385334
    ],
    "/usr/lib/libopcodes-2.34.so": [
        1589078967.3320758,
        1589078973.385334
    ],
    "/usr/lib/ld-2.31.so": [
        1589078972.188682,
        1589078973.5986645
    ],
    "/usr/lib/libreadline.so.8.0": [
        1589078967.5420732,
        1589078973.5886648
    ],
    "/usr/lib/libgmp.so": [
        1589078967.5354068,
        1589078973.581998
    ],
    "/usr/lib/libcrypt.so": [
        1589078972.1920154,
        1589078973.5986645
    ],
    "/usr/lib/gconv/gconv-modules": [
        1589078972.1920154,
        1589078973.6019979
    ],
    "/usr/lib/locale/locale-archive": [
        1589078972.1920154,
        1589078973.6019979
    ],
    "/usr/lib/gcc/x86_64-pc-linux-gnu/9.3.0/crtendS.o": [
        1589078967.4954073,
        1589078973.5386653
    ],
    "/usr/lib/gcc/x86_64-pc-linux-gnu/9.3.0/collect2": [
        1589078967.4787407,
        1589078973.5253322
    ],
    "/usr/lib/gcc/x86_64-pc-linux-gnu/9.3.0/liblto_plugin.so": [
        1589078967.482074,
        1589078973.5286655
    ],
    "/usr/lib/gcc/x86_64-pc-linux-gnu/9.3.0/libgcc.a": [
        1589078967.492074,
        1589078973.5386653
    ],