{
    "/usr/lib/libbz2.so.1": [
        1589045134.7745378,
        1589045135.787863
    ],
    "/usr/lib/libcrypt-2.31.so": [
        1589045134.7178714,
        1589045135.7411966
    ],
    "/usr/lib/libcrypt.so.1": [
        1589045134.7178714,
        1589045135.7411966
    ],
    "/usr/lib/libutil.so": [
        1589045134.7178714,
        1589045135.7411966
    ],
    "/usr/lib/libutil-2.31.so": [
        1589045134.7178714,
        1589045135.7411966
    ],
    "/usr/lib/libdl-2.31.so": [
        1589045134.7178714,
        1589045135.7411966
    ],
    "/usr/lib/ld-linux-x86-64.so.2": [
        1589045134.7178714,
        1589045135.7411966
    ],
    "/usr/lib/libdl.so.2": [
        1589045134.7178714,
        1589045135.7411966
    ],
    "/usr/lib/libbz2.so.1.0.8": [
        1589045134.7745378,
        1589045135.787863
    ],
    "/usr/lib/libattr.so.1.1.2448": [
        1589045134.711205,
        1589045135.7378635
    ],
    "/usr/lib/libpthread-2.31.so": [
        1589045134.7178714,
        1589045135.7411966
    ],
    "/usr/lib/libz.so.1.2.11": [
        1589045134.7278714,
        1589045135.7511966
    ],
    "/usr/lib/libutil.so.1": [
        1589045134.7178714,
        1589045135.7411966
    ],
    "/usr/lib/liblzma.so.5.2.5": [
        1589045134.7745378,
        1589045135.7911963
    ],
    "/usr/lib/libattr.so.1": [
        1589045134.711205,
        1589045135.7378635
    ],
    "/usr/lib/libz.so": [
        1589045134.7278714,
        1589045135.7511966
    ],
    "/usr/lib/libdl.so": [
        1589045134.7178714,
        1589045135.7411966
    ],
    "/usr/lib/liblzma.so.5": [
        1589045134.7745378,
        1589045135.7911963
    ],
    "/usr/lib/liblzma.so": [
        1589045134.7745378,
        1589045135.7911963
    ],
    "/usr/lib/libattr.so": [
        1589045134.711205,
        1589045135.7378635
    ],
    "/usr/lib/libpthread.so": [
        1589045134.7178714,
        1589045135.7411966
    ],
    "/usr/lib/libbz2.so": [
        1589045134.7745378,
        1589045135.787863
    ],
    "/usr/lib/libpthread.so.0": [
        1589045134.7178714,
        1589045135.7411966
    ],
    "/usr/lib/libbz2.so.1.0": [
        1589045134.7745378,
        1589045135.787863
    ],
    "/usr/lib/libc-2.31.so": [
        1589045134.7178714,
        1589045135.7411966
    ],
    "/usr/lib/libc.so.6": [
        1589045134.7178714,
        1589045135.7411966
    ],
    "/usr/lib/libm-2.31.so": [
        1589045134.7178714,
        1589045135.7411966
    ],
    "/usr/lib/libz.so.1": [
        1589045134.7278714,
        1589045135.7511966
    ],
    "/usr/lib/libm.so.6": [
        1589045134.7178714,
        1589045135.7411966
    ],
    "/usr/lib/ld-2.31.so": [
        1589045134.7178714,
        1589045135.7411966
    ],
    "/usr/lib/libcrypt.so": [
        1589045134.7178714,
        1589045135.7411966
    ],
    "/usr/lib/gconv/gconv-modules": [
        1589045134.7212048,
        1589045135.74453
    ],
    "/usr/lib/locale/locale-archive": [
        1589045134.7178714,
        1589045135.74453
    ],
    "/usr/share/zoneinfo/America/New_York": [
        1589045134.724538,
        1589045135.7511966
    ],
    "/usr/share/locale/locale.alias": [
        1589045134.2512085,
        1589045135.7378635
    ],
    "/usr/bin/rm": [
        1589045134.701205,
        1589045135.7411966
    ],
    "/usr/bin/tee": [
        1589045120.317984,
        1589045135.7378635
    ],
    "/usr/bin/mktemp": [
        1589045120.2013183,
        1589045135.7345302
    ],
    "/usr/bin/patch": [
        1589045120.227985,
        1589045135.7378635
    ],
    "/usr/bin/gettext": [
        1589045134.2512085,
        1589045135.7311969
    ],
    "/usr/bin/mkfifo": [
        1589045120.197985,
        1589045135.7345302
    ],
    "/etc/mtab": [
        1589045135.5778646,
        1589045136.4978573
    ],
    "/etc/localtime": [
        1589045134.724538,
        1589045135.7511966
    ],
    "/etc/ld.so.cache": [
        1589045134.7745378,
        1589045135.7911963
    ]
}