{
    "/usr/lib/libbz2.so.1": [
        1589078437.9674387,
        1589078441.1107423
    ],
    "/usr/lib/libcrypt-2.31.so": [
        1589078437.9107726,
        1589078441.0574095
    ],
    "/usr/lib/libcrypt.so.1": [
        1589078437.9107726,
        1589078441.0574095
    ],
    "/usr/lib/libutil.so": [
        1589078437.9107726,
        1589078441.0574095
    ],
    "/usr/lib/libutil-2.31.so": [
        1589078437.9107726,
        1589078441.0574095
    ],
    "/usr/lib/libdl-2.31.so": [
        1589078437.9107726,
        1589078441.0574095
    ],
    "/usr/lib/ld-linux-x86-64.so.2": [
        1589078437.9107726,
        1589078441.0574095
    ],
    "/usr/lib/libdl.so.2": [
        1589078437.9107726,
        1589078441.0574095
    ],
    "/usr/lib/libbz2.so.1.0.8": [
        1589078437.9674387,
        1589078441.1107423
    ],
    "/usr/lib/libattr.so.1.1.2448": [
        1589078436.624118,
        1589078441.0507429
    ],
    "/usr/lib/libpthread-2.31.so": [
        1589078437.9107726,
        1589078441.0574095
    ],
    "/usr/lib/libz.so.1.2.11": [
        1589078437.9207726,
        1589078441.0674093
    ],
    "/usr/lib/libutil.so.1": [
        1589078437.9107726,
        1589078441.0574095
    ],
    "/usr/lib/liblzma.so.5.2.5": [
        1589078437.970772,
        1589078441.1107423
    ],
    "/usr/lib/libattr.so.1": [
        1589078436.624118,
        1589078441.0507429
    ],
    "/usr/lib/libz.so": [
        1589078437.9207726,
        1589078441.0674093
    ],
    "/usr/lib/libdl.so": [
        1589078437.9107726,
        1589078441.0574095
    ],
    "/usr/lib/liblzma.so.5": [
        1589078437.970772,
        1589078441.1107423
    ],
    "/usr/lib/liblzma.so": [
        1589078437.970772,
        1589078441.1107423
    ],
    "/usr/lib/libattr.so": [
        1589078436.624118,
        1589078441.0507429
    ],
    "/usr/lib/libacl.so.1": [
        1589078436.624118,
        1589078441.0507429
    ],
    "/usr/lib/libpthread.so": [
        1589078437.9107726,
        1589078441.0574095
    ],
    "/usr/lib/libbz2.so": [
        1589078437.9674387,
        1589078441.1107423
    ],
    "/usr/lib/libpthread.so.0": [
        1589078437.9107726,
        1589078441.0574095
    ],
    "/usr/lib/libbz2.so.1.0": [
        1589078437.9674387,
        1589078441.1107423
    ],
    "/usr/lib/libnss_files-2.31.so": [
        1589078434.6741366,
        1589078440.9907434
    ],
    "/usr/lib/libnss_systemd.so.2": [
        1589078434.6641366,
        1589078440.9907434
    ],
    "/usr/lib/libnss_files.so.2": [
        1589078434.6741366,
        1589078440.9907434
    ],
    "/usr/lib/libacl.so.1.1.2253": [
        1589078436.624118,
        1589078441.0507429
    ],
    "/usr/lib/libc-2.31.so": [
        1589078437.9107726,
        1589078441.0574095
    ],
    "/usr/lib/libacl.so": [
        1589078436.624118,
        1589078441.0507429
    ],
    "/usr/lib/libc.so.6": [
        1589078437.9107726,
        1589078441.0574095
    ],
    "/usr/lib/libm-2.31.so": [
        1589078437.9107726,
        1589078441.0574095
    ],
    "/usr/lib/libz.so.1": [
        1589078437.9207726,
        1589078441.0674093
    ],
    "/usr/lib/libm.so.6": [
        1589078437.9107726,
        1589078441.0574095
    ],
    "/usr/lib/ld-2.31.so": [
        1589078437.9107726,
        1589078441.0574095
    ],
    "/usr/lib/libnss_files.so": [
        1589078434.6741366,
        1589078440.9907434
    ],
    "/usr/lib/libnss_mymachines.so.2": [
        1589078434.6641366,
        1589078440.9907434
    ],
    "/usr/lib/libcrypt.so": [
        1589078437.9107726,
        1589078441.0574095
    ],
    "/usr/lib/gconv/gconv-modules": [
        1589078437.914106,
        1589078441.0607429
    ],
    "/usr/lib/locale/locale-archive": [
        1589078437.914106,
        1589078441.0574095
    ],
    "/usr/lib/libfakeroot/libfakeroot-0.so": [
        1589078437.9107726,
        1589078441.0574095
    ],
    "/usr/lib/libfakeroot/libfakeroot.so": [
        1589078437.9107726,
        1589078441.0574095
    ],
    "/usr/share/zoneinfo/America/New_York": [
        1589078437.9207726,
        1589078441.0640762
    ],
    "/usr/share/locale/locale.alias": [
        1589078437.9074392,
        1589078441.0540762
    ],
    "/usr/bin/rm": [
        1589078436.5941184,
        1589078441.0540762
    ],
    "/usr/bin/tee": [
        1589078424.3775675,
        1589078440.8840778
    ],
    "/usr/bin/mktemp": [
        1589078424.2875683,
        1589078440.8807445
    ],
    "/usr/bin/gettext": [
        1589078436.7041173,
        1589078440.8774111
    ],
    "/usr/bin/mkfifo": [
        1589078424.284235,
        1589078440.8807445
    ],
    "/usr/bin/ln": [
        1589078436.5941184,
        1589078441.0440762
    ],
    "/usr/bin/install": [
        1589078424.2342355,
        1589078441.0507429
    ],
    "/usr/bin/touch": [
        1589078436.6074517,
        1589078440.974077
    ],
    "/etc/mtab": [
        1589078440.6507466,
        1589078443.7340508
    ],
    "/etc/localtime": [
        1589078437.9207726,
        1589078441.0640762
    ],
    "/etc/ld.so.cache": [
        1589078437.970772,
        1589078441.1107423
    ],
    "/etc/nsswitch.conf": [
        1589078434.6741366,
        1589078440.9907434
    ],
    "/etc/group": [
        1589078434.66747,
        1589078440.9907434
    ]
}