{
    "/usr/lib/libbz2.so.1": [
        1588808877.2014694,
        1588808880.0547757
    ],
    "/usr/lib/libcrypt-2.31.so": [
        1588808877.1581364,
        1588808880.0081096
    ],
    "/usr/lib/libcrypt.so.1": [
        1588808877.1581364,
        1588808880.0081096
    ],
    "/usr/lib/libutil.so": [
        1588808877.1581364,
        1588808880.0081096
    ],
    "/usr/lib/libutil-2.31.so": [
        1588808877.1581364,
        1588808880.0081096
    ],
    "/usr/lib/libdl-2.31.so": [
        1588808877.1581364,
        1588808880.0081096
    ],
    "/usr/lib/ld-linux-x86-64.so.2": [
        1588808877.1581364,
        1588808880.0081096
    ],
    "/usr/lib/libdl.so.2": [
        1588808877.1581364,
        1588808880.0081096
    ],
    "/usr/lib/libbz2.so.1.0.8": [
        1588808877.2014694,
        1588808880.0547757
    ],
    "/usr/lib/libattr.so.1.1.2448": [
        1588808877.154803,
        1588808880.001443
    ],
    "/usr/lib/libpthread-2.31.so": [
        1588808877.1581364,
        1588808880.0081096
    ],
    "/usr/lib/libz.so.1.2.11": [
        1588808877.1681364,
        1588808880.0181093
    ],
    "/usr/lib/libutil.so.1": [
        1588808877.1581364,
        1588808880.0081096
    ],
    "/usr/lib/liblzma.so.5.2.5": [
        1588808877.2048028,
        1588808880.0547757
    ],
    "/usr/lib/libattr.so.1": [
        1588808877.154803,
        1588808880.001443
    ],
    "/usr/lib/libz.so": [
        1588808877.1681364,
        1588808880.0181093
    ],
    "/usr/lib/libdl.so": [
        1588808877.1581364,
        1588808880.0081096
    ],
    "/usr/lib/liblzma.so.5": [
        1588808877.2048028,
        1588808880.0547757
    ],
    "/usr/lib/liblzma.so": [
        1588808877.2048028,
        1588808880.0547757
    ],
    "/usr/lib/libattr.so": [
        1588808877.154803,
        1588808880.001443
    ],
    "/usr/lib/libacl.so.1": [
        1588808877.1514697,
        1588808879.9814432
    ],
    "/usr/lib/libpthread.so": [
        1588808877.1581364,
        1588808880.0081096
    ],
    "/usr/lib/libbz2.so": [
        1588808877.2014694,
        1588808880.0547757
    ],
    "/usr/lib/libpthread.so.0": [
        1588808877.1581364,
        1588808880.0081096
    ],
    "/usr/lib/libbz2.so.1.0": [
        1588808877.2014694,
        1588808880.0547757
    ],
    "/usr/lib/libacl.so.1.1.2253": [
        1588808877.1514697,
        1588808879.9814432
    ],
    "/usr/lib/libc-2.31.so": [
        1588808877.1581364,
        1588808880.0081096
    ],
    "/usr/lib/libacl.so": [
        1588808877.1514697,
        1588808879.9814432
    ],
    "/usr/lib/libc.so.6": [
        1588808877.1581364,
        1588808880.0081096
    ],
    "/usr/lib/libm-2.31.so": [
        1588808877.1581364,
        1588808880.0081096
    ],
    "/usr/lib/libz.so.1": [
        1588808877.1681364,
        1588808880.0181093
    ],
    "/usr/lib/libm.so.6": [
        1588808877.1581364,
        1588808880.0081096
    ],
    "/usr/lib/ld-2.31.so": [
        1588808877.1581364,
        1588808880.0081096
    ],
    "/usr/lib/libcrypt.so": [
        1588808877.1581364,
        1588808880.0081096
    ],
    "/usr/lib/gconv/gconv-modules": [
        1588808877.1614697,
        1588808880.011443
    ],
    "/usr/lib/locale/locale-archive": [
        1588808877.1581364,
        1588808880.011443
    ],
    "/usr/share/zoneinfo/America/New_York": [
        1588808877.164803,
        1588808880.0147762
    ],
    "/usr/share/locale/locale.alias": [
        1588808876.7914732,
        1588808879.9681098
    ],
    "/usr/bin/rm": [
        1588808877.1448033,
        1588808880.0081096
    ],
    "/usr/bin/tee": [
        1588808827.748603,
        1588808879.9681098
    ],
    "/usr/bin/sed": [
        1588808827.6819372,
        1588808879.9814432
    ],
    "/usr/bin/mktemp": [
        1588808827.625271,
        1588808879.9647765
    ],
    "/usr/bin/mkdir": [
        1588808860.6882918,
        1588808880.0047762
    ],
    "/usr/bin/patch": [
        1588808827.6519375,
        1588808880.001443
    ],
    "/usr/bin/gettext": [
        1588808876.7881398,
        1588808879.9614432
    ],
    "/usr/bin/mkfifo": [
        1588808827.6186044,
        1588808879.9681098
    ],
    "/usr/bin/ln": [
        1588808877.1448033,
        1588808879.9714432
    ],
    "/etc/mtab": [
        1588808879.6114466,
        1588808882.3947537
    ],
    "/etc/localtime": [
        1588808877.164803,
        1588808880.0147762
    ],
    "/etc/ld.so.cache": [
        1588808877.2048028,
        1588808880.0547757
    ]
}