{
    "/usr/lib/libcrypt-2.31.so": [
        1588190884.7962317,
        1588190887.8662026
    ],
    "/usr/lib/libcrypt.so.1": [
        1588190884.7962317,
        1588190887.8662026
    ],
    "/usr/lib/libutil.so": [
        1588190884.7962317,
        1588190887.8662026
    ],
    "/usr/lib/libutil-2.31.so": [
        1588190884.7962317,
        1588190887.8662026
    ],
    "/usr/lib/libdl-2.31.so": [
        1588190884.7962317,
        1588190887.8662026
    ],
    "/usr/lib/ld-linux-x86-64.so.2": [
        1588190884.7962317,
        1588190887.8662026
    ],
    "/usr/lib/libdl.so.2": [
        1588190884.7962317,
        1588190887.8662026
    ],
    "/usr/lib/libattr.so.1.1.2448": [
        1588190884.789565,
        1588190887.859536
    ],
    "/usr/lib/libpthread-2.31.so": [
        1588190884.7962317,
        1588190887.8662026
    ],
    "/usr/lib/libz.so.1.2.11": [
        1588190884.8128984,
        1588190887.8762026
    ],
    "/usr/lib/libutil.so.1": [
        1588190884.7962317,
        1588190887.8662026
    ],
    "/usr/lib/libattr.so.1": [
        1588190884.789565,
        1588190887.859536
    ],
    "/usr/lib/libz.so": [
        1588190884.8128984,
        1588190887.8762026
    ],
    "/usr/lib/libdl.so": [
        1588190884.7962317,
        1588190887.8662026
    ],
    "/usr/lib/libattr.so": [
        1588190884.789565,
        1588190887.859536
    ],
    "/usr/lib/libacl.so.1": [
        1588190884.789565,
        1588190887.8328695
    ],
    "/usr/lib/libpthread.so": [
        1588190884.7962317,
        1588190887.8662026
    ],
    "/usr/lib/libpthread.so.0": [
        1588190884.7962317,
        1588190887.8662026
    ],
    "/usr/lib/libacl.so.1.1.2253": [
        1588190884.789565,
        1588190887.8328695
    ],
    "/usr/lib/libc-2.31.so": [
        1588190884.7962317,
        1588190887.8662026
    ],
    "/usr/lib/libacl.so": [
        1588190884.789565,
        1588190887.8328695
    ],
    "/usr/lib/libc.so.6": [
        1588190884.7962317,
        1588190887.8662026
    ],
    "/usr/lib/libm-2.31.so": [
        1588190884.7962317,
        1588190887.8662026
    ],
    "/usr/lib/libz.so.1": [
        1588190884.8128984,
        1588190887.8762026
    ],
    "/usr/lib/libm.so.6": [
        1588190884.7962317,
        1588190887.8662026
    ],
    "/usr/lib/ld-2.31.so": [
        1588190884.7962317,
        1588190887.8662026
    ],
    "/usr/lib/libcrypt.so": [
        1588190884.7962317,
        1588190887.8662026
    ],
    "/usr/lib/gconv/gconv-modules": [
        1588190884.799565,
        1588190887.869536
    ],
    "/usr/lib/locale/locale-archive": [
        1588190884.799565,
        1588190887.869536
    ],
    "/usr/share/zoneinfo/America/New_York": [
        1588190884.809565,
        1588190887.8728693
    ],
    "/usr/share/locale/locale.alias": [
        1588190884.4162354,
        1588190887.8062031
    ],
    "/usr/bin/rm": [
        1588190884.7828987,
        1588190887.8662026
    ],
    "/usr/bin/tee": [
        1588190837.0966847,
        1588190887.8062031
    ],
    "/usr/bin/sed": [
        1588190837.0366852,
        1588190887.8328695
    ],
    "/usr/bin/mktemp": [
        1588190836.9766858,
        1588190887.8028698
    ],
    "/usr/bin/mkdir": [
        1588190867.2230651,
        1588190887.8628693
    ],
    "/usr/bin/patch": [
        1588190837.0066855,
        1588190887.859536
    ],
    "/usr/bin/gettext": [
        1588190884.412902,
        1588190887.7995367
    ],
    "/usr/bin/mkfifo": [
        1588190836.9733524,
        1588190887.8028698
    ],
    "/usr/bin/ln": [
        1588190884.7828987,
        1588190887.8062031
    ],
    "/build/gcc/src/gdc_thunk_weak_ref.patch": [
        1588190884.7728987,
        1588190887.859536
    ],
    "/build/gcc/src/gdc_phobos_path.patch": [
        1588190884.7228992,
        1588190887.8562028
    ],
    "/build/gcc/src/fs64270.patch": [
        1588190884.7928984,
        1588190887.8628693
    ],
    "/build/gcc/src/gdc_artificial_decl.patch": [
        1588190884.742899,
        1588190887.8562028
    ],
    "/build/gcc/src/gcc-9.3.0/libiberty/configure": [
        1588190867.0,
        1588190887.8362029
    ],
    "/build/gcc/src/gcc-9.3.0/gcc/params.def": [
        1588190867.0,
        1588190887.8628693
    ],
    "/build/gcc/src/gcc-9.3.0/gcc/Makefile.in": [
        1588190867.0,
        1588190887.8095365
    ],
    "/build/gcc/src/gcc-9.3.0/gcc/configure": [
        1588190867.0,
        1588190887.8395362
    ],
    "/build/gcc/src/gcc-9.3.0/gcc/params.def.orig": [
        null,
        1588190887.8628693
    ],
    "/build/gcc/src/gcc-9.3.0/gcc/gcc.c": [
        1588190867.0,
        1588190887.859536
    ],
    "/build/gcc/src/gcc-9.3.0/gcc/gcc.c.orig": [
        null,
        1588190887.859536
    ],
    "/build/gcc/src/gcc-9.3.0/gcc/config/i386/t-linux64": [
        1588190867.0,
        1588190887.8328695
    ],
    "/build/gcc/src/gcc-9.3.0/gcc/d/typeinfo.cc": [
        1588190867.0,
        1588190887.8562028
    ],
    "/build/gcc/src/gcc-9.3.0/gcc/d/decl.cc": [
        1588190867.0,
        1588190887.859536
    ],
    "/build/gcc/src/gcc-9.3.0/gcc/d/d-incpath.cc": [
        1588190867.0,
        1588190887.8562028
    ],
    "/build/gcc/src/gcc-9.3.0/gcc/d/d-tree.h": [
        1588190867.0,
        1588190887.8562028
    ],
    "/startdir/gdc_thunk_weak_ref.patch": [
        1588190884.7728987,
        1588190887.859536
    ],
    "/startdir/gdc_phobos_path.patch": [
        1588190884.7228992,
        1588190887.8562028
    ],
    "/startdir/fs64270.patch": [
        1588190884.7928984,
        1588190887.8628693
    ],
    "/startdir/pre-prepare-stat": [
        null,
        1588190887.4995394
    ],
    "/startdir/gdc_artificial_decl.patch": [
        1588190884.742899,
        1588190887.8562028
    ],
    "/etc/mtab": [
        1588190887.4628732,
        1588190890.136181
    ],
    "/etc/localtime": [
        1588190884.809565,
        1588190887.8728693
    ],
    "/etc/ld.so.cache": [
        1588190884.8128984,
        1588190887.8762026
    ],
    "/srcdest/gdc_thunk_weak_ref.patch": [
        1588190884.7728987,
        1588190887.859536
    ],
    "/srcdest/gdc_phobos_path.patch": [
        1588190884.7228992,
        1588190887.8562028
    ],
    "/srcdest/fs64270.patch": [
        1588190884.7928984,
        1588190887.8628693
    ],
    "/srcdest/pre-prepare-stat": [
        null,
        1588190887.4995394
    ],
    "/srcdest/gdc_artificial_decl.patch": [
        1588190884.742899,
        1588190887.8562028
    ],
    "/logdest/gcc-9.3.0-1-x86_64-prepare.log": [
        null,
        1588190887.8062031
    ]
}