{
    "/usr/lib/libbz2.so.1": [
        1588636424.8088923,
        1588636433.0354786
    ],
    "/usr/lib/libgettextlib.so": [
        1588635170.5677676,
        1588636430.4221709
    ],
    "/usr/lib/libncursesw.so.6.2": [
        1588636423.4989052,
        1588636432.89548
    ],
    "/usr/lib/libcrypt-2.31.so": [
        1588636424.7522264,
        1588636432.9754791
    ],
    "/usr/lib/libcrypt.so.1": [
        1588636424.7522264,
        1588636432.9754791
    ],
    "/usr/lib/libbfd-2.34.so": [
        1588635170.1277716,
        1588636432.5988162
    ],
    "/usr/lib/libstdc++.so.6": [
        1588635170.5677676,
        1588636430.4255042
    ],
    "/usr/lib/libmpc.so.3.1.0": [
        1588635170.1277716,
        1588636432.5888164
    ],
    "/usr/lib/libffi.so.7": [
        1588636414.5123262,
        1588636432.5154836
    ],
    "/usr/lib/libutil.so": [
        1588636424.7522264,
        1588636432.9788125
    ],
    "/usr/lib/libutil-2.31.so": [
        1588636424.7522264,
        1588636432.9788125
    ],
    "/usr/lib/libdl-2.31.so": [
        1588636424.7522264,
        1588636432.9754791
    ],
    "/usr/lib/libreadline.so.8": [
        1588636423.395573,
        1588636432.89548
    ],
    "/usr/lib/libtextstyle.so": [
        1588635170.5677676,
        1588636430.4255042
    ],
    "/usr/lib/ld-linux-x86-64.so.2": [
        1588636424.7522264,
        1588636432.9754791
    ],
    "/usr/lib/libdl.so.2": [
        1588636424.7522264,
        1588636432.9754791
    ],
    "/usr/lib/libgc.so.1.4.3": [
        1588636414.5123262,
        1588636432.5154836
    ],
    "/usr/lib/libmpfr.so.6.0.2": [
        1588636411.849019,
        1588636432.5888164
    ],
    "/usr/lib/libgcc_s.so.1": [
        1588635909.5340142,
        1588636430.4255042
    ],
    "/usr/lib/libpkgconf.so.3": [
        1588635152.381274,
        1588636431.6788251
    ],
    "/usr/lib/libunistring.so.2.1.0": [
        1588636423.2789073,
        1588636432.5154836
    ],
    "/usr/lib/libtextstyle.so.0": [
        1588635170.5677676,
        1588636430.4255042
    ],
    "/usr/lib/libmpc.so.3": [
        1588635170.1277716,
        1588636432.5888164
    ],
    "/usr/lib/libgettextsrc-0.20.2.so": [
        1588635170.5677676,
        1588636430.4221709
    ],
    "/usr/lib/libguile-2.2.so.1": [
        1588636414.5123262,
        1588636432.5154836
    ],
    "/usr/lib/libbz2.so.1.0.8": [
        1588636424.8088923,
        1588636433.0354786
    ],
    "/usr/lib/libattr.so.1.1.2448": [
        1588636423.385573,
        1588636432.972146
    ],
    "/usr/lib/libffi.so.7.1.0": [
        1588636414.5123262,
        1588636432.5154836
    ],
    "/usr/lib/libpkgconf.so.3.0.0": [
        1588635152.381274,
        1588636431.6788251
    ],
    "/usr/lib/libpthread-2.31.so": [
        1588636424.7522264,
        1588636432.9754791
    ],
    "/usr/lib/libguile-2.2.so.1.4.1": [
        1588636414.5123262,
        1588636432.5154836
    ],
    "/usr/lib/libz.so.1.2.11": [
        1588636424.762226,
        1588636432.9888124
    ],
    "/usr/lib/libtic.so.6": [
        1588636423.4989052,
        1588636432.89548
    ],
    "/usr/lib/libicuuc.so.67": [
        1588635170.5677676,
        1588636430.4255042
    ],
    "/usr/lib/libutil.so.1": [
        1588636424.7522264,
        1588636432.9788125
    ],
    "/usr/lib/liblzma.so.5.2.5": [
        1588636424.8088923,
        1588636433.0354786
    ],
    "/usr/lib/libguile-2.2.so": [
        1588636414.5123262,
        1588636432.5154836
    ],
    "/usr/lib/libattr.so.1": [
        1588636423.385573,
        1588636432.972146
    ],
    "/usr/lib/libgc.so": [
        1588636414.5123262,
        1588636432.5154836
    ],
    "/usr/lib/libz.so": [
        1588636424.762226,
        1588636432.9888124
    ],
    "/usr/lib/libcrypto.so": [
        1588636423.2789073,
        1588636432.6254826
    ],
    "/usr/lib/libdl.so": [
        1588636424.7522264,
        1588636432.9754791
    ],
    "/usr/lib/libxml2.so": [
        1588635170.5677676,
        1588636430.4221709
    ],
    "/usr/lib/libxml2.so.2": [
        1588635170.5677676,
        1588636430.4221709
    ],
    "/usr/lib/liblzma.so.5": [
        1588636424.8088923,
        1588636433.0354786
    ],
    "/usr/lib/libltdl.so.7": [
        1588636414.5156596,
        1588636432.5154836
    ],
    "/usr/lib/liblzma.so": [
        1588636424.8088923,
        1588636433.0354786
    ],
    "/usr/lib/libltdl.so": [
        1588636414.5156596,
        1588636432.5154836
    ],
    "/usr/lib/libmpfr.so.6": [
        1588636411.849019,
        1588636432.5888164
    ],
    "/usr/lib/libcrypto.so.1.1": [
        1588636423.2789073,
        1588636432.6254826
    ],
    "/usr/lib/libattr.so": [
        1588636423.385573,
        1588636432.972146
    ],
    "/usr/lib/libacl.so.1": [
        1588636423.385573,
        1588636432.972146
    ],
    "/usr/lib/libtinfo.so.6": [
        1588636423.4989052,
        1588636432.89548
    ],
    "/usr/lib/libpthread.so": [
        1588636424.7522264,
        1588636432.9754791
    ],
    "/usr/lib/libicuuc.so": [
        1588635170.5677676,
        1588636430.4255042
    ],
    "/usr/lib/libbz2.so": [
        1588636424.8088923,
        1588636433.0354786
    ],
    "/usr/lib/libtextstyle.so.0.0.1": [
        1588635170.5677676,
        1588636430.4255042
    ],
    "/usr/lib/libgettextlib-0.20.2.so": [
        1588635170.5677676,
        1588636430.4221709
    ],
    "/usr/lib/libpthread.so.0": [
        1588636424.7522264,
        1588636432.9754791
    ],
    "/usr/lib/libgmp.so.10": [
        1588636414.5123262,
        1588636432.7754812
    ],
    "/usr/lib/libgc.so.1": [
        1588636414.5123262,
        1588636432.5154836
    ],
    "/usr/lib/libbz2.so.1.0": [
        1588636424.8088923,
        1588636433.0354786
    ],
    "/usr/lib/libnss_files-2.31.so": [
        1588636410.795696,
        1588636431.1654968
    ],
    "/usr/lib/libltdl.so.7.3.1": [
        1588636414.5156596,
        1588636432.5154836
    ],
    "/usr/lib/libicudata.so.67": [
        1588635170.5677676,
        1588636430.4255042
    ],
    "/usr/lib/libncursesw.so": [
        1588636423.4989052,
        1588636432.89548
    ],
    "/usr/lib/libgettextsrc.so": [
        1588635170.5677676,
        1588636430.4221709
    ],
    "/usr/lib/libreadline.so": [
        1588636423.395573,
        1588636432.89548
    ],
    "/usr/lib/libunistring.so.2": [
        1588636423.2789073,
        1588636432.5154836
    ],
    "/usr/lib/libnss_files.so.2": [
        1588636410.795696,
        1588636431.1654968
    ],
    "/usr/lib/libgmp.so.10.4.0": [
        1588636414.5123262,
        1588636432.7754812
    ],
    "/usr/lib/libmpc.so": [
        1588635170.1277716,
        1588636432.5888164
    ],
    "/usr/lib/libacl.so.1.1.2253": [
        1588636423.385573,
        1588636432.972146
    ],
    "/usr/lib/libunistring.so": [
        1588636423.2789073,
        1588636432.5154836
    ],
    "/usr/lib/libc-2.31.so": [
        1588636424.7522264,
        1588636432.9788125
    ],
    "/usr/lib/libxml2.so.2.9.10": [
        1588635170.5677676,
        1588636430.4221709
    ],
    "/usr/lib/libstdc++.so.6.0.28": [
        1588635170.5677676,
        1588636430.4255042
    ],
    "/usr/lib/libicudata.so.67.1": [
        1588635170.5677676,
        1588636430.4255042
    ],
    "/usr/lib/libacl.so": [
        1588636423.385573,
        1588636432.972146
    ],
    "/usr/lib/libffi.so": [
        1588636414.5123262,
        1588636432.5154836
    ],
    "/usr/lib/libc.so.6": [
        1588636424.7522264,
        1588636432.9788125
    ],
    "/usr/lib/libm-2.31.so": [
        1588636424.7522264,
        1588636432.9788125
    ],
    "/usr/lib/libz.so.1": [
        1588636424.762226,
        1588636432.9888124
    ],
    "/usr/lib/libicudata.so": [
        1588635170.5677676,
        1588636430.4255042
    ],