{
    "/usr/lib/libbz2.so.1": [
        1589079643.3344328,
        1589079646.7610633
    ],
    "/usr/lib/libncursesw.so.6.2": [
        1589079642.0711129,
        1589079646.6843977
    ],
    "/usr/lib/libcrypt-2.31.so": [
        1589079643.277767,
        1589079646.7043974
    ],
    "/usr/lib/libcrypt.so.1": [
        1589079643.277767,
        1589079646.7043974
    ],
    "/usr/lib/libbfd-2.34.so": [
        1589079637.844491,
        1589079646.3444011
    ],
    "/usr/lib/libmpc.so.3.1.0": [
        1589079637.7978246,
        1589079646.3577344
    ],
    "/usr/lib/libpcre.so.1": [
        1589079643.2544339,
        1589079646.387734
    ],
    "/usr/lib/libffi.so.7": [
        1589079637.8944905,
        1589079646.5810654
    ],
    "/usr/lib/libutil.so": [
        1589079643.277767,
        1589079646.7043974
    ],
    "/usr/lib/libutil-2.31.so": [
        1589079643.277767,
        1589079646.7043974
    ],
    "/usr/lib/libdl-2.31.so": [
        1589079643.277767,
        1589079646.7043974
    ],
    "/usr/lib/libreadline.so.8": [
        1589079641.9677806,
        1589079646.6843977
    ],
    "/usr/lib/ld-linux-x86-64.so.2": [
        1589079643.277767,
        1589079646.7043974
    ],
    "/usr/lib/libdl.so.2": [
        1589079643.277767,
        1589079646.7043974
    ],
    "/usr/lib/libgc.so.1.4.3": [
        1589079637.8944905,
        1589079646.5810654
    ],
    "/usr/lib/libmpfr.so.6.0.2": [
        1589079637.7978246,
        1589079646.3577344
    ],
    "/usr/lib/libunistring.so.2.1.0": [
        1589079641.8677816,
        1589079646.5810654
    ],
    "/usr/lib/libmpc.so.3": [
        1589079637.7978246,
        1589079646.3577344
    ],
    "/usr/lib/libguile-2.2.so.1": [
        1589079637.8944905,
        1589079646.5810654
    ],
    "/usr/lib/libbz2.so.1.0.8": [
        1589079643.3344328,
        1589079646.7610633
    ],
    "/usr/lib/libattr.so.1.1.2448": [
        1589079641.9577808,
        1589079646.701064
    ],
    "/usr/lib/libffi.so.7.1.0": [
        1589079637.8944905,
        1589079646.5810654
    ],
    "/usr/lib/libpthread-2.31.so": [
        1589079643.277767,
        1589079646.7043974
    ],
    "/usr/lib/libguile-2.2.so.1.4.1": [
        1589079637.8944905,
        1589079646.5810654
    ],
    "/usr/lib/libz.so.1.2.11": [
        1589079643.2877667,
        1589079646.7143972
    ],
    "/usr/lib/libtic.so.6": [
        1589079642.0711129,
        1589079646.6843977
    ],
    "/usr/lib/libutil.so.1": [
        1589079643.277767,
        1589079646.7043974
    ],
    "/usr/lib/liblzma.so.5.2.5": [
        1589079643.3377662,
        1589079646.7610633
    ],
    "/usr/lib/libguile-2.2.so": [
        1589079637.8944905,
        1589079646.5810654
    ],
    "/usr/lib/libattr.so.1": [
        1589079641.9577808,
        1589079646.701064
    ],
    "/usr/lib/libgc.so": [
        1589079637.8944905,
        1589079646.5810654
    ],
    "/usr/lib/libz.so": [
        1589079643.2877667,
        1589079646.7143972
    ],
    "/usr/lib/libdl.so": [
        1589079643.277767,
        1589079646.7043974
    ],
    "/usr/lib/libpcre.so.1.2.12": [
        1589079643.2544339,
        1589079646.387734
    ],
    "/usr/lib/liblzma.so.5": [
        1589079643.3377662,
        1589079646.7610633
    ],
    "/usr/lib/libltdl.so.7": [
        1589079637.8944905,
        1589079646.5810654
    ],
    "/usr/lib/liblzma.so": [
        1589079643.3377662,
        1589079646.7610633
    ],
    "/usr/lib/libltdl.so": [
        1589079637.8944905,
        1589079646.5810654
    ],
    "/usr/lib/libmpfr.so.6": [
        1589079637.7978246,
        1589079646.3577344
    ],
    "/usr/lib/libattr.so": [
        1589079641.9577808,
        1589079646.701064
    ],
    "/usr/lib/libacl.so.1": [
        1589079641.9577808,
        1589079646.701064
    ],
    "/usr/lib/libtinfo.so.6": [
        1589079642.0711129,
        1589079646.6843977
    ],
    "/usr/lib/libpthread.so": [
        1589079643.277767,
        1589079646.7043974
    ],
    "/usr/lib/libbz2.so": [
        1589079643.3344328,
        1589079646.7610633
    ],
    "/usr/lib/libpthread.so.0": [
        1589079643.277767,
        1589079646.7043974
    ],
    "/usr/lib/libgmp.so.10": [
        1589079637.8944905,
        1589079646.5810654
    ],
    "/usr/lib/libgc.so.1": [
        1589079637.8944905,
        1589079646.5810654
    ],
    "/usr/lib/libbz2.so.1.0": [
        1589079643.3344328,
        1589079646.7610633
    ],
    "/usr/lib/libltdl.so.7.3.1": [
        1589079637.8944905,
        1589079646.5810654
    ],
    "/usr/lib/libpcre.so": [
        1589079643.2544339,
        1589079646.387734
    ],
    "/usr/lib/libncursesw.so": [
        1589079642.0711129,
        1589079646.6843977
    ],
    "/usr/lib/libreadline.so": [
        1589079641.9677806,
        1589079646.6843977
    ],
    "/usr/lib/libunistring.so.2": [
        1589079641.8677816,
        1589079646.5810654
    ],
    "/usr/lib/libgmp.so.10.4.0": [
        1589079637.8944905,
        1589079646.5810654
    ],
    "/usr/lib/libmpc.so": [
        1589079637.7978246,
        1589079646.3577344
    ],
    "/usr/lib/libacl.so.1.1.2253": [
        1589079641.9577808,
        1589079646.701064
    ],
    "/usr/lib/libunistring.so": [
        1589079641.8677816,
        1589079646.5810654
    ],
    "/usr/lib/libc-2.31.so": [
        1589079643.277767,
        1589079646.7043974
    ],
    "/usr/lib/libacl.so": [
        1589079641.9577808,
        1589079646.701064
    ],
    "/usr/lib/libffi.so": [
        1589079637.8944905,
        1589079646.5810654
    ],
    "/usr/lib/libc.so.6": [
        1589079643.277767,
        1589079646.7043974
    ],
    "/usr/lib/libm-2.31.so": [
        1589079643.277767,
        1589079646.7043974
    ],
    "/usr/lib/libz.so.1": [
        1589079643.2877667,
        1589079646.7143972
    ],
    "/usr/lib/libm.so.6": [
        1589079643.277767,
        1589079646.7043974
    ],
    "/usr/lib/libncursesw.so.6": [
        1589079642.0711129,
        1589079646.6843977
    ],
    "/usr/lib/libmpfr.so": [
        1589079637.7978246,
        1589079646.3577344
    ],
    "/usr/lib/libopcodes-2.34.so": [
        1589079637.8378243,
        1589079646.3444011
    ],
    "/usr/lib/ld-2.31.so": [
        1589079643.277767,
        1589079646.7043974
    ],
    "/usr/lib/libreadline.so.8.0": [
        1589079641.9677806,
        1589079646.6843977
    ],
    "/usr/lib/libgmp.so": [
        1589079637.8944905,
        1589079646.5810654
    ],
    "/usr/lib/libcrypt.so": [
        1589079643.277767,
        1589079646.7043974
    ],
    "/usr/lib/gconv/gconv-modules": [
        1589079643.2811003,
        1589079646.7077308
    ],
    "/usr/lib/locale/locale-archive": [
        1589079643.2811003,
        1589079646.7043974
    ],
    "/usr/lib/gcc/x86_64-pc-linux-gnu/9.3.0/cc1": [
        1589079637.7978246,
        1589079646.3577344
    ],
    "/usr/lib/libfakeroot/libfakeroot-0.so": [
        1589079643.277767,
        1589079646.7043974
    ],
    "/usr/lib/libfakeroot/libfakeroot.so": [
        1589079643.277767,
        1589079646.7043974
    ],
    "/usr/share/zoneinfo/America/New_York": [
        1589079643.2844334,
        1589079646.7110639
    ],
    "/usr/share/locale/locale.alias": [
        1589079643.2744336,
        1589079646.701064
    ],
    "/usr/include/stdc-predef.h": [
        1589079637.8044913,
        1589079646.3610678
    ],
    "/usr/include/features.h": [
        1589079637.8044913,
        1589079646.3610678
    ],
    "/usr/include/gnu/stubs-64.h": [
        1589079637.8044913,
        1589079646.3644009
    ],
    "/usr/include/gnu/stubs.h": [
        1589079637.8044913,
        1589079646.3644009
    ],
    "/usr/include/bits/wordsize.h": [
        1589079637.8178246,
        1589079646.3644009
    ],
    "/usr/include/bits/long-double.h": [
        1589079637.8044913,
        1589079646.3644009
    ],