{
    "/usr/lib/libbz2.so.1": [
        1589082679.3017864,
        1589082682.6350877
    ],
    "/usr/lib/libncursesw.so.6.2": [
        1589082678.0051322,
        1589082682.5650883
    ],
    "/usr/lib/libcrypt-2.31.so": [
        1589082679.2451203,
        1589082682.5817547
    ],
    "/usr/lib/libcrypt.so.1": [
        1589082679.2451203,
        1589082682.5817547
    ],
    "/usr/lib/libbfd-2.34.so": [
        1589082663.7619364,
        1589082682.5484219
    ],
    "/usr/lib/libffi.so.7": [
        1589082675.855153,
        1589082682.4350896
    ],
    "/usr/lib/libutil.so": [
        1589082679.2451203,
        1589082682.5817547
    ],
    "/usr/lib/libutil-2.31.so": [
        1589082679.2451203,
        1589082682.5817547
    ],
    "/usr/lib/libdl-2.31.so": [
        1589082679.2451203,
        1589082682.5817547
    ],
    "/usr/lib/libreadline.so.8": [
        1589082677.9051332,
        1589082682.5650883
    ],
    "/usr/lib/ld-linux-x86-64.so.2": [
        1589082679.241787,
        1589082682.5817547
    ],
    "/usr/lib/libdl.so.2": [
        1589082679.2451203,
        1589082682.5817547
    ],
    "/usr/lib/libgc.so.1.4.3": [
        1589082675.855153,
        1589082682.4350896
    ],
    "/usr/lib/libmpfr.so.6.0.2": [
        1589082675.8284867,
        1589082682.4017565
    ],
    "/usr/lib/libunistring.so.2.1.0": [
        1589082677.7984676,
        1589082682.4350896
    ],
    "/usr/lib/libguile-2.2.so.1": [
        1589082675.855153,
        1589082682.4350896
    ],
    "/usr/lib/libbz2.so.1.0.8": [
        1589082679.3017864,
        1589082682.6350877
    ],
    "/usr/lib/libattr.so.1.1.2448": [
        1589082677.8984666,
        1589082682.5784216
    ],
    "/usr/lib/libffi.so.7.1.0": [
        1589082675.855153,
        1589082682.4350896
    ],
    "/usr/lib/libpthread-2.31.so": [
        1589082679.2451203,
        1589082682.5817547
    ],
    "/usr/lib/libguile-2.2.so.1.4.1": [
        1589082675.855153,
        1589082682.4350896
    ],
    "/usr/lib/libz.so.1.2.11": [
        1589082679.2551203,
        1589082682.5917547
    ],
    "/usr/lib/libtic.so.6": [
        1589082678.0051322,
        1589082682.5650883
    ],
    "/usr/lib/libutil.so.1": [
        1589082679.2451203,
        1589082682.5817547
    ],
    "/usr/lib/liblzma.so.5.2.5": [
        1589082679.3051198,
        1589082682.6384208
    ],
    "/usr/lib/libguile-2.2.so": [
        1589082675.855153,
        1589082682.4350896
    ],
    "/usr/lib/libattr.so.1": [
        1589082677.8984666,
        1589082682.5784216
    ],
    "/usr/lib/libgc.so": [
        1589082675.855153,
        1589082682.4350896
    ],
    "/usr/lib/libz.so": [
        1589082679.2551203,
        1589082682.5917547
    ],
    "/usr/lib/libdl.so": [
        1589082679.2451203,
        1589082682.5817547
    ],
    "/usr/lib/liblzma.so.5": [
        1589082679.3051198,
        1589082682.6384208
    ],
    "/usr/lib/libltdl.so.7": [
        1589082675.855153,
        1589082682.4350896
    ],
    "/usr/lib/liblzma.so": [
        1589082679.3051198,
        1589082682.6384208
    ],
    "/usr/lib/libltdl.so": [
        1589082675.855153,
        1589082682.4350896
    ],
    "/usr/lib/libmpfr.so.6": [
        1589082675.8284867,
        1589082682.4017565
    ],
    "/usr/lib/libattr.so": [
        1589082677.8984666,
        1589082682.5784216
    ],
    "/usr/lib/libacl.so.1": [
        1589082677.8984666,
        1589082682.5784216
    ],
    "/usr/lib/libtinfo.so.6": [
        1589082678.0051322,
        1589082682.5650883
    ],
    "/usr/lib/libpthread.so": [
        1589082679.2451203,
        1589082682.5817547
    ],
    "/usr/lib/libbz2.so": [
        1589082679.3017864,
        1589082682.6350877
    ],
    "/usr/lib/libpthread.so.0": [
        1589082679.2451203,
        1589082682.5817547
    ],
    "/usr/lib/libgmp.so.10": [
        1589082675.855153,
        1589082682.4350896
    ],
    "/usr/lib/libgc.so.1": [
        1589082675.855153,
        1589082682.4350896
    ],
    "/usr/lib/libbz2.so.1.0": [
        1589082679.3017864,
        1589082682.6350877
    ],
    "/usr/lib/libltdl.so.7.3.1": [
        1589082675.855153,
        1589082682.4350896
    ],
    "/usr/lib/libncursesw.so": [
        1589082678.0051322,
        1589082682.5650883
    ],
    "/usr/lib/libreadline.so": [
        1589082677.9051332,
        1589082682.5650883
    ],
    "/usr/lib/libunistring.so.2": [
        1589082677.7984676,
        1589082682.4350896
    ],
    "/usr/lib/libgmp.so.10.4.0": [
        1589082675.855153,
        1589082682.4350896
    ],
    "/usr/lib/libacl.so.1.1.2253": [
        1589082677.8984666,
        1589082682.5784216
    ],
    "/usr/lib/libunistring.so": [
        1589082677.7984676,
        1589082682.4350896
    ],
    "/usr/lib/libc-2.31.so": [
        1589082679.2451203,
        1589082682.5817547
    ],
    "/usr/lib/libacl.so": [
        1589082677.8984666,
        1589082682.5784216
    ],
    "/usr/lib/libffi.so": [
        1589082675.855153,
        1589082682.4350896
    ],
    "/usr/lib/libc.so.6": [
        1589082679.2451203,
        1589082682.5817547
    ],
    "/usr/lib/libm-2.31.so": [
        1589082679.2451203,
        1589082682.5817547
    ],
    "/usr/lib/libz.so.1": [
        1589082679.2551203,
        1589082682.5917547
    ],
    "/usr/lib/libm.so.6": [
        1589082679.2451203,
        1589082682.5817547
    ],
    "/usr/lib/libncursesw.so.6": [
        1589082678.0051322,
        1589082682.5650883
    ],
    "/usr/lib/libmpfr.so": [
        1589082675.8284867,
        1589082682.4017565
    ],
    "/usr/lib/ld-2.31.so": [
        1589082679.241787,
        1589082682.5817547
    ],
    "/usr/lib/libreadline.so.8.0": [
        1589082677.9051332,
        1589082682.5650883
    ],
    "/usr/lib/libgmp.so": [
        1589082675.855153,
        1589082682.4350896
    ],
    "/usr/lib/libcrypt.so": [
        1589082679.2451203,
        1589082682.5817547
    ],
    "/usr/lib/gconv/gconv-modules": [
        1589082679.2484536,
        1589082682.585088
    ],
    "/usr/lib/locale/locale-archive": [
        1589082679.2451203,
        1589082682.585088
    ],
    "/usr/lib/gcc/x86_64-pc-linux-gnu/9.3.0/liblto_plugin.so": [
        1589082663.7619364,
        1589082682.5517552
    ],
    "/usr/lib/gcc/x86_64-pc-linux-gnu/9.3.0/liblto_plugin.so.0.0.0": [
        1589082663.7619364,
        1589082682.5517552
    ],
    "/usr/lib/gcc/x86_64-pc-linux-gnu/9.3.0/liblto_plugin.so.0": [
        1589082663.7619364,
        1589082682.5517552
    ],
    "/usr/lib/libfakeroot/libfakeroot-0.so": [
        1589082679.2451203,
        1589082682.5817547
    ],
    "/usr/lib/libfakeroot/libfakeroot.so": [
        1589082679.2451203,
        1589082682.5817547
    ],
    "/usr/lib/bfd-plugins/liblto_plugin.so": [
        1589082663.7619364,
        1589082682.5517552
    ],
    "/usr/share/zoneinfo/America/New_York": [
        1589082679.251787,
        1589082682.5884213
    ],
    "/usr/share/locale/locale.alias": [
        1589082679.2384536,
        1589082682.5817547
    ],
    "/usr/bin/rm": [
        1589082675.8684862,
        1589082682.5817547
    ],
    "/usr/bin/tee": [
        1589082675.4518237,
        1589082682.3550904
    ],
    "/usr/bin/awk": [
        1589082675.8284867,
        1589082682.3984232
    ],
    "/usr/bin/sh": [
        1589082677.9051332,
        1589082682.5650883
    ],
    "/usr/bin/sed": [
        1589082677.8984666,
        1589082682.5684216
    ],
    "/usr/bin/mktemp": [
        1589082675.445157,
        1589082682.351757
    ],
    "/usr/bin/mkdir": [
        1589082679.2384536,
        1589082682.5684216
    ],
    "/usr/bin/gettext": [
        1589082677.9784658,
        1589082682.3484237
    ],
    "/usr/bin/mkfifo": [
        1589082675.4484904,
        1589082682.3550904
    ],
    "/usr/bin/ln": [
        1589082663.778603,
        1589082682.5284219
    ],