{
    "/usr/lib/libbz2.so.1": [
        1589081655.8049066,
        1589081659.2315412
    ],
    "/usr/lib/libncursesw.so.6.2": [
        1589081654.528252,
        1589081659.151542
    ],
    "/usr/lib/libcrypt-2.31.so": [
        1589081655.7415738,
        1589081659.174875
    ],
    "/usr/lib/libcrypt.so.1": [
        1589081655.7415738,
        1589081659.174875
    ],
    "/usr/lib/libbfd-2.34.so": [
        1589081648.8316388,
        1589081658.9715436
    ],
    "/usr/lib/libffi.so.7": [
        1589081648.8649716,
        1589081659.108209
    ],
    "/usr/lib/libutil.so": [
        1589081655.7415738,
        1589081659.174875
    ],
    "/usr/lib/libutil-2.31.so": [
        1589081655.7415738,
        1589081659.174875
    ],
    "/usr/lib/libdl-2.31.so": [
        1589081655.7415738,
        1589081659.174875
    ],
    "/usr/lib/libreadline.so.8": [
        1589081654.418253,
        1589081659.151542
    ],
    "/usr/lib/ld-linux-x86-64.so.2": [
        1589081655.7415738,
        1589081659.1715417
    ],
    "/usr/lib/libdl.so.2": [
        1589081655.7415738,
        1589081659.174875
    ],
    "/usr/lib/libgc.so.1.4.3": [
        1589081648.8649716,
        1589081659.108209
    ],
    "/usr/lib/libmpfr.so.6.0.2": [
        1589081648.4349759,
        1589081659.1282086
    ],
    "/usr/lib/libunistring.so.2.1.0": [
        1589081654.3049207,
        1589081659.108209
    ],
    "/usr/lib/libguile-2.2.so.1": [
        1589081648.8649716,
        1589081659.108209
    ],
    "/usr/lib/libbz2.so.1.0.8": [
        1589081655.8049066,
        1589081659.2315412
    ],
    "/usr/lib/libattr.so.1.1.2448": [
        1589081654.4049199,
        1589081659.1682084
    ],
    "/usr/lib/libffi.so.7.1.0": [
        1589081648.8649716,
        1589081659.108209
    ],
    "/usr/lib/libpthread-2.31.so": [
        1589081655.7415738,
        1589081659.174875
    ],
    "/usr/lib/libguile-2.2.so.1.4.1": [
        1589081648.8649716,
        1589081659.108209
    ],
    "/usr/lib/libz.so.1.2.11": [
        1589081655.7549071,
        1589081659.1848748
    ],
    "/usr/lib/libtic.so.6": [
        1589081654.528252,
        1589081659.151542
    ],
    "/usr/lib/libutil.so.1": [
        1589081655.7415738,
        1589081659.174875
    ],
    "/usr/lib/liblzma.so.5.2.5": [
        1589081655.8049066,
        1589081659.2348745
    ],
    "/usr/lib/libguile-2.2.so": [
        1589081648.8649716,
        1589081659.108209
    ],
    "/usr/lib/libattr.so.1": [
        1589081654.4049199,
        1589081659.1682084
    ],
    "/usr/lib/libgc.so": [
        1589081648.8649716,
        1589081659.108209
    ],
    "/usr/lib/libz.so": [
        1589081655.7549071,
        1589081659.1848748
    ],
    "/usr/lib/libdl.so": [
        1589081655.7415738,
        1589081659.174875
    ],
    "/usr/lib/liblzma.so.5": [
        1589081655.8049066,
        1589081659.2348745
    ],
    "/usr/lib/libltdl.so.7": [
        1589081648.8649716,
        1589081659.108209
    ],
    "/usr/lib/liblzma.so": [
        1589081655.8049066,
        1589081659.2348745
    ],
    "/usr/lib/libltdl.so": [
        1589081648.8649716,
        1589081659.108209
    ],
    "/usr/lib/libmpfr.so.6": [
        1589081648.4349759,
        1589081659.1282086
    ],
    "/usr/lib/libattr.so": [
        1589081654.4049199,
        1589081659.1682084
    ],
    "/usr/lib/libacl.so.1": [
        1589081654.4049199,
        1589081659.1682084
    ],
    "/usr/lib/libtinfo.so.6": [
        1589081654.528252,
        1589081659.151542
    ],
    "/usr/lib/libpthread.so": [
        1589081655.7415738,
        1589081659.174875
    ],
    "/usr/lib/libbz2.so": [
        1589081655.8049066,
        1589081659.2315412
    ],
    "/usr/lib/libpthread.so.0": [
        1589081655.7415738,
        1589081659.174875
    ],
    "/usr/lib/libgmp.so.10": [
        1589081648.8649716,
        1589081659.1282086
    ],
    "/usr/lib/libgc.so.1": [
        1589081648.8649716,
        1589081659.108209
    ],
    "/usr/lib/libbz2.so.1.0": [
        1589081655.8049066,
        1589081659.2315412
    ],
    "/usr/lib/libltdl.so.7.3.1": [
        1589081648.8649716,
        1589081659.108209
    ],
    "/usr/lib/libncursesw.so": [
        1589081654.528252,
        1589081659.151542
    ],
    "/usr/lib/libreadline.so": [
        1589081654.418253,
        1589081659.151542
    ],
    "/usr/lib/libunistring.so.2": [
        1589081654.3049207,
        1589081659.108209
    ],
    "/usr/lib/libgmp.so.10.4.0": [
        1589081648.8649716,
        1589081659.1282086
    ],
    "/usr/lib/libacl.so.1.1.2253": [
        1589081654.4049199,
        1589081659.1682084
    ],
    "/usr/lib/libunistring.so": [
        1589081654.3049207,
        1589081659.108209
    ],
    "/usr/lib/libc-2.31.so": [
        1589081655.7415738,
        1589081659.174875
    ],
    "/usr/lib/libacl.so": [
        1589081654.4049199,
        1589081659.1682084
    ],
    "/usr/lib/libffi.so": [
        1589081648.8649716,
        1589081659.108209
    ],
    "/usr/lib/libc.so.6": [
        1589081655.7415738,
        1589081659.174875
    ],
    "/usr/lib/libm-2.31.so": [
        1589081655.7415738,
        1589081659.174875
    ],
    "/usr/lib/libz.so.1": [
        1589081655.7549071,
        1589081659.1848748
    ],
    "/usr/lib/libm.so.6": [
        1589081655.7415738,
        1589081659.174875
    ],
    "/usr/lib/libncursesw.so.6": [
        1589081654.528252,
        1589081659.151542
    ],
    "/usr/lib/libmpfr.so": [
        1589081648.4349759,
        1589081659.1282086
    ],
    "/usr/lib/ld-2.31.so": [
        1589081655.7415738,
        1589081659.1715417
    ],
    "/usr/lib/libreadline.so.8.0": [
        1589081654.418253,
        1589081659.151542
    ],
    "/usr/lib/libgmp.so": [
        1589081648.8649716,
        1589081659.1282086
    ],
    "/usr/lib/libcrypt.so": [
        1589081655.7415738,
        1589081659.174875
    ],
    "/usr/lib/gconv/gconv-modules": [
        1589081655.7449071,
        1589081659.1782084
    ],
    "/usr/lib/locale/locale-archive": [
        1589081655.7449071,
        1589081659.174875
    ],
    "/usr/lib/gcc/x86_64-pc-linux-gnu/9.3.0/liblto_plugin.so": [
        1589081648.8316388,
        1589081658.9748769
    ],
    "/usr/lib/gcc/x86_64-pc-linux-gnu/9.3.0/liblto_plugin.so.0.0.0": [
        1589081648.8316388,
        1589081658.9748769
    ],
    "/usr/lib/gcc/x86_64-pc-linux-gnu/9.3.0/liblto_plugin.so.0": [
        1589081648.8316388,
        1589081658.9748769
    ],
    "/usr/lib/libfakeroot/libfakeroot-0.so": [
        1589081655.7415738,
        1589081659.174875
    ],
    "/usr/lib/libfakeroot/libfakeroot.so": [
        1589081655.7415738,
        1589081659.174875
    ],
    "/usr/lib/bfd-plugins/liblto_plugin.so": [
        1589081648.8316388,
        1589081658.9748769
    ],
    "/usr/share/zoneinfo/America/New_York": [
        1589081655.7515738,
        1589081659.1815417
    ],
    "/usr/share/locale/locale.alias": [
        1589081655.7382405,
        1589081659.1715417
    ],
    "/usr/bin/rm": [
        1589081648.878305,
        1589081659.1715417
    ],
    "/usr/bin/tee": [
        1589081623.665208,
        1589081658.7748787
    ],
    "/usr/bin/awk": [
        1589081627.9151683,
        1589081659.1248755
    ],
    "/usr/bin/sh": [
        1589081654.418253,
        1589081659.151542
    ],
    "/usr/bin/sed": [
        1589081654.4049199,
        1589081659.1582084
    ],
    "/usr/bin/mktemp": [
        1589081627.8085024,
        1589081658.7648787
    ],
    "/usr/bin/mkdir": [
        1589081655.7382405,
        1589081659.1582084
    ],
    "/usr/bin/gettext": [
        1589081654.4949188,
        1589081658.7582123
    ],
    "/usr/bin/mkfifo": [
        1589081623.665208,
        1589081658.768212
    ],
    "/usr/bin/ln": [
        1589081648.8516386,
        1589081658.9615436
    ],