{
    "/usr/lib/libbz2.so.1": [
        1589084464.7065086,
        1589084507.6594968
    ],
    "/usr/lib/libncursesw.so.6.2": [
        1589084463.459852,
        1589084507.4894981
    ],
    "/usr/lib/libcrypt-2.31.so": [
        1589084464.6465092,
        1589084507.596164
    ],
    "/usr/lib/libcrypt.so.1": [
        1589084464.6465092,
        1589084507.596164
    ],
    "/usr/lib/libffi.so.7": [
        1589084122.5025332,
        1589084483.7796888
    ],
    "/usr/lib/libutil.so": [
        1589084464.6465092,
        1589084507.596164
    ],
    "/usr/lib/libutil-2.31.so": [
        1589084464.6465092,
        1589084507.596164
    ],
    "/usr/lib/libdl-2.31.so": [
        1589084464.6465092,
        1589084507.596164
    ],
    "/usr/lib/libreadline.so.8": [
        1589084463.3565195,
        1589084507.4894981
    ],
    "/usr/lib/ld-linux-x86-64.so.2": [
        1589084464.6465092,
        1589084507.596164
    ],
    "/usr/lib/libdl.so.2": [
        1589084464.6465092,
        1589084507.596164
    ],
    "/usr/lib/libgc.so.1.4.3": [
        1589084122.5025332,
        1589084483.7796888
    ],
    "/usr/lib/libunistring.so.2.1.0": [
        1589084463.2498536,
        1589084483.7796888
    ],
    "/usr/lib/libguile-2.2.so.1": [
        1589084122.5025332,
        1589084483.7796888
    ],
    "/usr/lib/libbz2.so.1.0.8": [
        1589084464.7065086,
        1589084507.6594968
    ],
    "/usr/lib/libattr.so.1.1.2448": [
        1589084463.3465195,
        1589084507.5194979
    ],
    "/usr/lib/libffi.so.7.1.0": [
        1589084122.5025332,
        1589084483.7796888
    ],
    "/usr/lib/libpthread-2.31.so": [
        1589084464.6465092,
        1589084507.596164
    ],
    "/usr/lib/libguile-2.2.so.1.4.1": [
        1589084122.5025332,
        1589084483.7796888
    ],
    "/usr/lib/libz.so.1.2.11": [
        1589084464.6598423,
        1589084507.6094973
    ],
    "/usr/lib/libtic.so.6": [
        1589084463.459852,
        1589084507.4894981
    ],
    "/usr/lib/libutil.so.1": [
        1589084464.6465092,
        1589084507.596164
    ],
    "/usr/lib/liblzma.so.5.2.5": [
        1589084464.7065086,
        1589084507.66283
    ],
    "/usr/lib/libguile-2.2.so": [
        1589084122.5025332,
        1589084483.7796888
    ],
    "/usr/lib/libattr.so.1": [
        1589084463.3465195,
        1589084507.5194979
    ],
    "/usr/lib/libgc.so": [
        1589084122.5025332,
        1589084483.7796888
    ],
    "/usr/lib/libz.so": [
        1589084464.6598423,
        1589084507.6094973
    ],
    "/usr/lib/libdl.so": [
        1589084464.6465092,
        1589084507.596164
    ],
    "/usr/lib/liblzma.so.5": [
        1589084464.7065086,
        1589084507.66283
    ],
    "/usr/lib/libltdl.so.7": [
        1589084122.5025332,
        1589084483.7796888
    ],
    "/usr/lib/liblzma.so": [
        1589084464.7065086,
        1589084507.66283
    ],
    "/usr/lib/libltdl.so": [
        1589084122.5025332,
        1589084483.7796888
    ],
    "/usr/lib/libattr.so": [
        1589084463.3465195,
        1589084507.5194979
    ],
    "/usr/lib/libacl.so.1": [
        1589084463.3465195,
        1589084507.5194979
    ],
    "/usr/lib/libtinfo.so.6": [
        1589084463.459852,
        1589084507.4894981
    ],
    "/usr/lib/libpthread.so": [
        1589084464.6465092,
        1589084507.596164
    ],
    "/usr/lib/libbz2.so": [
        1589084464.7065086,
        1589084507.6594968
    ],
    "/usr/lib/libpthread.so.0": [
        1589084464.6465092,
        1589084507.596164
    ],
    "/usr/lib/libgmp.so.10": [
        1589084436.990064,
        1589084483.7796888
    ],
    "/usr/lib/libgc.so.1": [
        1589084122.5025332,
        1589084483.7796888
    ],
    "/usr/lib/libbz2.so.1.0": [
        1589084464.7065086,
        1589084507.6594968
    ],
    "/usr/lib/libltdl.so.7.3.1": [
        1589084122.5025332,
        1589084483.7796888
    ],
    "/usr/lib/libncursesw.so": [
        1589084463.459852,
        1589084507.4894981
    ],
    "/usr/lib/libreadline.so": [
        1589084463.3565195,
        1589084507.4894981
    ],
    "/usr/lib/libunistring.so.2": [
        1589084463.2498536,
        1589084483.7796888
    ],
    "/usr/lib/libgmp.so.10.4.0": [
        1589084436.990064,
        1589084483.7796888
    ],
    "/usr/lib/libacl.so.1.1.2253": [
        1589084463.3465195,
        1589084507.5194979
    ],
    "/usr/lib/libunistring.so": [
        1589084463.2498536,
        1589084483.7796888
    ],
    "/usr/lib/libc-2.31.so": [
        1589084464.6465092,
        1589084507.596164
    ],
    "/usr/lib/libacl.so": [
        1589084463.3465195,
        1589084507.5194979
    ],
    "/usr/lib/libffi.so": [
        1589084122.5025332,
        1589084483.7796888
    ],
    "/usr/lib/libc.so.6": [
        1589084464.6465092,
        1589084507.596164
    ],
    "/usr/lib/libm-2.31.so": [
        1589084464.6465092,
        1589084507.596164
    ],
    "/usr/lib/libz.so.1": [
        1589084464.6598423,
        1589084507.6094973
    ],
    "/usr/lib/libm.so.6": [
        1589084464.6465092,
        1589084507.596164
    ],
    "/usr/lib/libncursesw.so.6": [
        1589084463.459852,
        1589084507.4894981
    ],
    "/usr/lib/ld-2.31.so": [
        1589084464.6465092,
        1589084507.596164
    ],
    "/usr/lib/libreadline.so.8.0": [
        1589084463.3565195,
        1589084507.4894981
    ],
    "/usr/lib/libgmp.so": [
        1589084436.990064,
        1589084483.7796888
    ],
    "/usr/lib/libcrypt.so": [
        1589084464.6465092,
        1589084507.596164
    ],
    "/usr/lib/gconv/gconv-modules": [
        1589084464.6498425,
        1589084507.5994973
    ],
    "/usr/lib/perl5/5.30/core_perl/CORE/libperl.so": [
        1589084457.599899,
        1589084484.813014
    ],
    "/usr/lib/locale/locale-archive": [
        1589084464.6498425,
        1589084507.5994973
    ],
    "/usr/lib/libfakeroot/libfakeroot-0.so": [
        1589084464.6465092,
        1589084507.596164
    ],
    "/usr/lib/libfakeroot/libfakeroot.so": [
        1589084464.6465092,
        1589084507.596164
    ],
    "/usr/share/zoneinfo/America/New_York": [
        1589084464.656509,
        1589084507.606164
    ],
    "/usr/share/locale/locale.alias": [
        1589084464.6431758,
        1589084507.596164
    ],
    "/usr/bin/rm": [
        1589084457.6198988,
        1589084507.596164
    ],
    "/usr/bin/tr": [
        1589083599.4529338,
        1589084475.2930903
    ],
    "/usr/bin/tee": [
        1589083379.1208997,
        1589084468.3364794
    ],
    "/usr/bin/sh": [
        1589084463.3565195,
        1589084507.4894981
    ],
    "/usr/bin/true": [
        1589084185.095384,
        1589084483.7630224
    ],
    "/usr/bin/sed": [
        1589084463.3465195,
        1589084507.4994981
    ],
    "/usr/bin/mktemp": [
        1589083379.1175663,
        1589084468.3331463
    ],
    "/usr/bin/gettext": [
        1589084463.4298522,
        1589084468.3264797
    ],
    "/usr/bin/mkfifo": [
        1589083379.1175663,
        1589084468.3331463
    ],
    "/usr/bin/bash": [
        1589084463.3565195,
        1589084507.4894981
    ],
    "/usr/bin/find": [
        1589083026.9323,
        1589084507.552831
    ],
    "/usr/bin/make": [
        1589084122.5025332,
        1589084483.7796888
    ],
    "/usr/bin/install": [
        1589083010.2090032,
        1589084507.5194979
    ],
    "/etc/mtab": [
        1589084468.0764816,
        1589084511.4261332
    ],
    "/etc/localtime": [
        1589084464.656509,
        1589084507.606164
    ],
    "/etc/ld.so.cache": [
        1589084464.7065086,
        1589084507.66283
    ]
}