{
    "/usr/lib/libbz2.so.1": [
        1589083024.3956392,
        1589083025.3289702
    ],
    "/usr/lib/libcrypt-2.31.so": [
        1589083024.352306,
        1589083025.2823038
    ],
    "/usr/lib/libcrypt.so.1": [
        1589083024.352306,
        1589083025.2823038
    ],
    "/usr/lib/libutil.so": [
        1589083024.352306,
        1589083025.2823038
    ],
    "/usr/lib/libutil-2.31.so": [
        1589083024.352306,
        1589083025.2823038
    ],
    "/usr/lib/libdl-2.31.so": [
        1589083024.352306,
        1589083025.2823038
    ],
    "/usr/lib/ld-linux-x86-64.so.2": [
        1589083024.352306,
        1589083025.2823038
    ],
    "/usr/lib/libdl.so.2": [
        1589083024.352306,
        1589083025.2823038
    ],
    "/usr/lib/libbz2.so.1.0.8": [
        1589083024.3956392,
        1589083025.3289702
    ],
    "/usr/lib/libpthread-2.31.so": [
        1589083024.352306,
        1589083025.2823038
    ],
    "/usr/lib/libz.so.1.2.11": [
        1589083024.3589725,
        1589083025.2923038
    ],
    "/usr/lib/libutil.so.1": [
        1589083024.352306,
        1589083025.2823038
    ],
    "/usr/lib/liblzma.so.5.2.5": [
        1589083024.3989723,
        1589083025.3289702
    ],
    "/usr/lib/libz.so": [
        1589083024.3589725,
        1589083025.2923038
    ],
    "/usr/lib/libdl.so": [
        1589083024.352306,
        1589083025.2823038
    ],
    "/usr/lib/liblzma.so.5": [
        1589083024.3989723,
        1589083025.3289702
    ],
    "/usr/lib/liblzma.so": [
        1589083024.3989723,
        1589083025.3289702
    ],
    "/usr/lib/libpthread.so": [
        1589083024.352306,
        1589083025.2823038
    ],
    "/usr/lib/libbz2.so": [
        1589083024.3956392,
        1589083025.3289702
    ],
    "/usr/lib/libpthread.so.0": [
        1589083024.352306,
        1589083025.2823038
    ],
    "/usr/lib/libbz2.so.1.0": [
        1589083024.3956392,
        1589083025.3289702
    ],
    "/usr/lib/libc-2.31.so": [
        1589083024.352306,
        1589083025.2823038
    ],
    "/usr/lib/libc.so.6": [
        1589083024.352306,
        1589083025.2823038
    ],
    "/usr/lib/libm-2.31.so": [
        1589083024.352306,
        1589083025.2823038
    ],
    "/usr/lib/libz.so.1": [
        1589083024.3589725,
        1589083025.2923038
    ],
    "/usr/lib/libm.so.6": [
        1589083024.352306,
        1589083025.2823038
    ],
    "/usr/lib/ld-2.31.so": [
        1589083024.352306,
        1589083025.2823038
    ],
    "/usr/lib/libcrypt.so": [
        1589083024.352306,
        1589083025.2823038
    ],
    "/usr/lib/gconv/gconv-modules": [
        1589083024.3556392,
        1589083025.2856371
    ],
    "/usr/lib/locale/locale-archive": [
        1589083024.352306,
        1589083025.2856371
    ],
    "/usr/share/zoneinfo/America/New_York": [
        1589083024.3589725,
        1589083025.2923038
    ],
    "/usr/share/locale/locale.alias": [
        1589083022.3089771,
        1589083025.2823038
    ],
    "/usr/bin/rm": [
        1589083024.3356392,
        1589083025.2823038
    ],
    "/usr/bin/tee": [
        1589083010.3923361,
        1589083025.2789705
    ],
    "/usr/bin/mktemp": [
        1589083010.2690032,
        1589083025.2789705
    ],
    "/usr/bin/gettext": [
        1589083022.3056438,
        1589083025.2723038
    ],
    "/usr/bin/mkfifo": [
        1589083010.2656698,
        1589083025.2789705
    ],
    "/etc/mtab": [
        1589083025.1256375,
        1589083026.0223022
    ],
    "/etc/localtime": [
        1589083024.3589725,
        1589083025.2923038
    ],
    "/etc/ld.so.cache": [
        1589083024.3989723,
        1589083025.3289702
    ]
}