{
    "/usr/lib/libbz2.so.1": [
        1589045445.1116915,
        1589045447.1150048
    ],
    "/usr/lib/libcrypt-2.31.so": [
        1589045445.0650253,
        1589045447.0683386
    ],
    "/usr/lib/libcrypt.so.1": [
        1589045445.0650253,
        1589045447.0683386
    ],
    "/usr/lib/libutil.so": [
        1589045445.0650253,
        1589045447.0683386
    ],
    "/usr/lib/libutil-2.31.so": [
        1589045445.0650253,
        1589045447.0683386
    ],
    "/usr/lib/libdl-2.31.so": [
        1589045445.0650253,
        1589045447.0683386
    ],
    "/usr/lib/ld-linux-x86-64.so.2": [
        1589045445.0650253,
        1589045447.0683386
    ],
    "/usr/lib/libdl.so.2": [
        1589045445.0650253,
        1589045447.0683386
    ],
    "/usr/lib/libbz2.so.1.0.8": [
        1589045445.1116915,
        1589045447.1150048
    ],
    "/usr/lib/libattr.so.1.1.2448": [
        1589045445.061692,
        1589045446.5083442
    ],
    "/usr/lib/libpthread-2.31.so": [
        1589045445.0650253,
        1589045447.0683386
    ],
    "/usr/lib/libz.so.1.2.11": [
        1589045445.0750253,
        1589045447.0783386
    ],
    "/usr/lib/libutil.so.1": [
        1589045445.0650253,
        1589045447.0683386
    ],
    "/usr/lib/liblzma.so.5.2.5": [
        1589045445.1116915,
        1589045447.118338
    ],
    "/usr/lib/libattr.so.1": [
        1589045445.061692,
        1589045446.5083442
    ],
    "/usr/lib/libz.so": [
        1589045445.0750253,
        1589045447.0783386
    ],
    "/usr/lib/libdl.so": [
        1589045445.0650253,
        1589045447.0683386
    ],
    "/usr/lib/liblzma.so.5": [
        1589045445.1116915,
        1589045447.118338
    ],
    "/usr/lib/liblzma.so": [
        1589045445.1116915,
        1589045447.118338
    ],
    "/usr/lib/libattr.so": [
        1589045445.061692,
        1589045446.5083442
    ],
    "/usr/lib/libacl.so.1": [
        1589045445.061692,
        1589045446.5083442
    ],
    "/usr/lib/libpthread.so": [
        1589045445.0650253,
        1589045447.0683386
    ],
    "/usr/lib/libbz2.so": [
        1589045445.1116915,
        1589045447.1150048
    ],
    "/usr/lib/libpthread.so.0": [
        1589045445.0650253,
        1589045447.0683386
    ],
    "/usr/lib/libbz2.so.1.0": [
        1589045445.1116915,
        1589045447.1150048
    ],
    "/usr/lib/libacl.so.1.1.2253": [
        1589045445.061692,
        1589045446.5083442
    ],
    "/usr/lib/libc-2.31.so": [
        1589045445.0650253,
        1589045447.0683386
    ],
    "/usr/lib/libacl.so": [
        1589045445.061692,
        1589045446.5083442
    ],
    "/usr/lib/libc.so.6": [
        1589045445.0650253,
        1589045447.0683386
    ],
    "/usr/lib/libm-2.31.so": [
        1589045445.0650253,
        1589045447.0683386
    ],
    "/usr/lib/libz.so.1": [
        1589045445.0750253,
        1589045447.0783386
    ],
    "/usr/lib/libm.so.6": [
        1589045445.0650253,
        1589045447.0683386
    ],
    "/usr/lib/ld-2.31.so": [
        1589045445.0650253,
        1589045447.0683386
    ],
    "/usr/lib/libcrypt.so": [
        1589045445.0650253,
        1589045447.0683386
    ],
    "/usr/lib/gconv/gconv-modules": [
        1589045445.0683587,
        1589045447.071672
    ],
    "/usr/lib/locale/locale-archive": [
        1589045445.0650253,
        1589045447.0683386
    ],
    "/usr/share/zoneinfo/America/New_York": [
        1589045445.071692,
        1589045447.0750053
    ],
    "/usr/share/locale/locale.alias": [
        1589045443.3650424,
        1589045446.495011
    ],
    "/usr/bin/xargs": [
        1589045423.645239,
        1589045446.495011
    ],
    "/usr/bin/rm": [
        1589045445.0450256,
        1589045447.0650053
    ],
    "/usr/bin/tee": [
        1589045423.6052396,
        1589045446.438345
    ],
    "/usr/bin/sed": [
        1589045423.5385735,
        1589045446.5083442
    ],
    "/usr/bin/mktemp": [
        1589045423.4819074,
        1589045446.4350116
    ],
    "/usr/bin/patch": [
        1589045423.511907,
        1589045446.438345
    ],
    "/usr/bin/gettext": [
        1589045443.3650424,
        1589045446.4316783
    ],
    "/usr/bin/mkfifo": [
        1589045423.478574,
        1589045446.438345
    ],
    "/usr/bin/find": [
        1589045423.3452423,
        1589045446.495011
    ],
    "/usr/bin/touch": [
        1589045443.1317115,
        1589045447.0650053
    ],
    "/etc/mtab": [
        1589045446.2616801,
        1589045448.0116625
    ],
    "/etc/localtime": [
        1589045445.071692,
        1589045447.0750053
    ],
    "/etc/ld.so.cache": [
        1589045445.1116915,
        1589045447.1150048
    ]
}