{
    "/usr/lib/libbz2.so.1": [
        1589077579.6255956,
        1589077580.6222527
    ],
    "/usr/lib/libcrypt-2.31.so": [
        1589077579.5789292,
        1589077580.5755866
    ],
    "/usr/lib/libcrypt.so.1": [
        1589077579.5789292,
        1589077580.5755866
    ],
    "/usr/lib/libutil.so": [
        1589077579.5822625,
        1589077580.5755866
    ],
    "/usr/lib/libutil-2.31.so": [
        1589077579.5822625,
        1589077580.5755866
    ],
    "/usr/lib/libdl-2.31.so": [
        1589077579.5789292,
        1589077580.5755866
    ],
    "/usr/lib/ld-linux-x86-64.so.2": [
        1589077579.5789292,
        1589077580.5755866
    ],
    "/usr/lib/libdl.so.2": [
        1589077579.5789292,
        1589077580.5755866
    ],
    "/usr/lib/libbz2.so.1.0.8": [
        1589077579.6255956,
        1589077580.6222527
    ],
    "/usr/lib/libattr.so.1.1.2448": [
        1589077579.5455964,
        1589077580.5722532
    ],
    "/usr/lib/libpthread-2.31.so": [
        1589077579.5789292,
        1589077580.5755866
    ],
    "/usr/lib/libz.so.1.2.11": [
        1589077579.5889292,
        1589077580.5855863
    ],
    "/usr/lib/libutil.so.1": [
        1589077579.5822625,
        1589077580.5755866
    ],
    "/usr/lib/liblzma.so.5.2.5": [
        1589077579.6255956,
        1589077580.6222527
    ],
    "/usr/lib/libattr.so.1": [
        1589077579.5455964,
        1589077580.5722532
    ],
    "/usr/lib/libz.so": [
        1589077579.5889292,
        1589077580.5855863
    ],
    "/usr/lib/libdl.so": [
        1589077579.5789292,
        1589077580.5755866
    ],
    "/usr/lib/liblzma.so.5": [
        1589077579.6255956,
        1589077580.6222527
    ],
    "/usr/lib/liblzma.so": [
        1589077579.6255956,
        1589077580.6222527
    ],
    "/usr/lib/libattr.so": [
        1589077579.5455964,
        1589077580.5722532
    ],
    "/usr/lib/libacl.so.1": [
        1589077579.5455964,
        1589077580.5722532
    ],
    "/usr/lib/libpthread.so": [
        1589077579.5789292,
        1589077580.5755866
    ],
    "/usr/lib/libbz2.so": [
        1589077579.6255956,
        1589077580.6222527
    ],
    "/usr/lib/libpthread.so.0": [
        1589077579.5789292,
        1589077580.5755866
    ],
    "/usr/lib/libbz2.so.1.0": [
        1589077579.6255956,
        1589077580.6222527
    ],
    "/usr/lib/libacl.so.1.1.2253": [
        1589077579.5455964,
        1589077580.5722532
    ],
    "/usr/lib/libc-2.31.so": [
        1589077579.5822625,
        1589077580.5755866
    ],
    "/usr/lib/libacl.so": [
        1589077579.5455964,
        1589077580.5722532
    ],
    "/usr/lib/libc.so.6": [
        1589077579.5822625,
        1589077580.5755866
    ],
    "/usr/lib/libm-2.31.so": [
        1589077579.5822625,
        1589077580.5755866
    ],
    "/usr/lib/libz.so.1": [
        1589077579.5889292,
        1589077580.5855863
    ],
    "/usr/lib/libm.so.6": [
        1589077579.5822625,
        1589077580.5755866
    ],
    "/usr/lib/ld-2.31.so": [
        1589077579.5789292,
        1589077580.5755866
    ],
    "/usr/lib/libcrypt.so": [
        1589077579.5789292,
        1589077580.5755866
    ],
    "/usr/lib/gconv/gconv-modules": [
        1589077579.5822625,
        1589077580.5789196
    ],
    "/usr/lib/locale/locale-archive": [
        1589077579.5822625,
        1589077580.5789196
    ],
    "/usr/share/zoneinfo/America/New_York": [
        1589077579.5889292,
        1589077580.582253
    ],
    "/usr/share/locale/locale.alias": [
        1589077579.542263,
        1589077580.4422543
    ],
    "/usr/bin/rm": [
        1589077579.5055966,
        1589077580.5755866
    ],
    "/usr/bin/tee": [
        1589077565.225733,
        1589077580.4422543
    ],
    "/usr/bin/sed": [
        1589077565.179067,
        1589077580.56892
    ],
    "/usr/bin/mktemp": [
        1589077565.125734,
        1589077580.438921
    ],
    "/usr/bin/gettext": [
        1589077579.542263,
        1589077580.435588
    ],
    "/usr/bin/mkfifo": [
        1589077565.1190674,
        1589077580.438921
    ],
    "/usr/bin/find": [
        1589077564.9957352,
        1589077580.5255868
    ],
    "/etc/mtab": [
        1589077580.3022556,
        1589077581.3089128
    ],
    "/etc/localtime": [
        1589077579.5889292,
        1589077580.582253
    ],
    "/etc/ld.so.cache": [
        1589077579.6255956,
        1589077580.6222527
    ]
}