{
    "/usr/lib/libbz2.so.1": [
        1589071747.6876593,
        1589071748.8543146
    ],
    "/usr/lib/libcrypt-2.31.so": [
        1589071747.6376598,
        1589071748.8109818
    ],
    "/usr/lib/libcrypt.so.1": [
        1589071747.6376598,
        1589071748.8109818
    ],
    "/usr/lib/libutil.so": [
        1589071747.6376598,
        1589071748.8109818
    ],
    "/usr/lib/libutil-2.31.so": [
        1589071747.6376598,
        1589071748.8109818
    ],
    "/usr/lib/libdl-2.31.so": [
        1589071747.6376598,
        1589071748.8109818
    ],
    "/usr/lib/ld-linux-x86-64.so.2": [
        1589071747.6376598,
        1589071748.8109818
    ],
    "/usr/lib/libdl.so.2": [
        1589071747.6376598,
        1589071748.8109818
    ],
    "/usr/lib/libbz2.so.1.0.8": [
        1589071747.6876593,
        1589071748.8543146
    ],
    "/usr/lib/libattr.so.1.1.2448": [
        1589071747.6309934,
        1589071748.7909818
    ],
    "/usr/lib/libpthread-2.31.so": [
        1589071747.6376598,
        1589071748.8109818
    ],
    "/usr/lib/libz.so.1.2.11": [
        1589071747.6476598,
        1589071748.8176482
    ],
    "/usr/lib/libutil.so.1": [
        1589071747.6376598,
        1589071748.8109818
    ],
    "/usr/lib/liblzma.so.5.2.5": [
        1589071747.6876593,
        1589071748.857648
    ],
    "/usr/lib/libattr.so.1": [
        1589071747.6309934,
        1589071748.7909818
    ],
    "/usr/lib/libz.so": [
        1589071747.6476598,
        1589071748.8176482
    ],
    "/usr/lib/libdl.so": [
        1589071747.6376598,
        1589071748.8109818
    ],
    "/usr/lib/liblzma.so.5": [
        1589071747.6876593,
        1589071748.857648
    ],
    "/usr/lib/liblzma.so": [
        1589071747.6876593,
        1589071748.857648
    ],
    "/usr/lib/libattr.so": [
        1589071747.6309934,
        1589071748.7909818
    ],
    "/usr/lib/libacl.so.1": [
        1589071747.6309934,
        1589071748.7909818
    ],
    "/usr/lib/libpthread.so": [
        1589071747.6376598,
        1589071748.8109818
    ],
    "/usr/lib/libbz2.so": [
        1589071747.6876593,
        1589071748.8543146
    ],
    "/usr/lib/libpthread.so.0": [
        1589071747.6376598,
        1589071748.8109818
    ],
    "/usr/lib/libbz2.so.1.0": [
        1589071747.6876593,
        1589071748.8543146
    ],
    "/usr/lib/libacl.so.1.1.2253": [
        1589071747.6309934,
        1589071748.7909818
    ],
    "/usr/lib/libc-2.31.so": [
        1589071747.6376598,
        1589071748.8109818
    ],
    "/usr/lib/libacl.so": [
        1589071747.6309934,
        1589071748.7909818
    ],
    "/usr/lib/libc.so.6": [
        1589071747.6376598,
        1589071748.8109818
    ],
    "/usr/lib/libm-2.31.so": [
        1589071747.6376598,
        1589071748.8109818
    ],
    "/usr/lib/libz.so.1": [
        1589071747.6476598,
        1589071748.8176482
    ],
    "/usr/lib/libm.so.6": [
        1589071747.6376598,
        1589071748.8109818
    ],
    "/usr/lib/ld-2.31.so": [
        1589071747.6376598,
        1589071748.8109818
    ],
    "/usr/lib/libcrypt.so": [
        1589071747.6376598,
        1589071748.8109818
    ],
    "/usr/lib/gconv/gconv-modules": [
        1589071747.640993,
        1589071748.814315
    ],
    "/usr/lib/locale/locale-archive": [
        1589071747.6376598,
        1589071748.8109818
    ],
    "/usr/share/zoneinfo/America/New_York": [
        1589071747.6476598,
        1589071748.8176482
    ],
    "/usr/share/locale/locale.alias": [
        1589071745.3610156,
        1589071748.7776487
    ],
    "/usr/bin/rm": [
        1589071747.6209934,
        1589071748.8076484
    ],
    "/usr/bin/tee": [
        1589071708.114715,
        1589071748.7776487
    ],
    "/usr/bin/sed": [
        1589071708.0647156,
        1589071748.7909818
    ],
    "/usr/bin/mktemp": [
        1589071708.001383,
        1589071748.7743154
    ],
    "/usr/bin/patch": [
        1589071708.034716,
        1589071748.7776487
    ],
    "/usr/bin/gettext": [
        1589071745.3610156,
        1589071748.7676487
    ],
    "/usr/bin/mkfifo": [
        1589071707.9980497,
        1589071748.7743154
    ],
    "/etc/mtab": [
        1589071748.5976505,
        1589071749.7109728
    ],
    "/etc/localtime": [
        1589071747.6476598,
        1589071748.8176482
    ],
    "/etc/ld.so.cache": [
        1589071747.6876593,
        1589071748.857648
    ]
}