{
    "/usr/lib/libcrypt-2.31.so": [
        1588015261.140232,
        1588015264.4002059
    ],
    "/usr/lib/libcrypt.so.1": [
        1588015261.140232,
        1588015264.4002059
    ],
    "/usr/lib/libbfd-2.34.so": [
        1588015259.103582,
        1588015264.3502061
    ],
    "/usr/lib/libmpc.so.3.1.0": [
        1588015259.0735822,
        1588015264.316873
    ],
    "/usr/lib/libutil.so": [
        1588015261.140232,
        1588015264.4002059
    ],
    "/usr/lib/libutil-2.31.so": [
        1588015261.140232,
        1588015264.4002059
    ],
    "/usr/lib/libdl-2.31.so": [
        1588015261.140232,
        1588015264.4002059
    ],
    "/usr/lib/ld-linux-x86-64.so.2": [
        1588015261.140232,
        1588015264.4002059
    ],
    "/usr/lib/libdl.so.2": [
        1588015261.140232,
        1588015264.4002059
    ],
    "/usr/lib/libmpfr.so.6.0.2": [
        1588015259.0735822,
        1588015264.316873
    ],
    "/usr/lib/libgcc_s.so.1": [
        1588015259.1169152,
        1588015264.3802059
    ],
    "/usr/lib/libc.so": [
        1588015259.1102486,
        1588015264.3635395
    ],
    "/usr/lib/libctf.so.0.0.0": [
        1588015259.103582,
        1588015264.3502061
    ],
    "/usr/lib/libc_nonshared.a": [
        1588015259.113582,
        1588015264.3735394
    ],
    "/usr/lib/libmpc.so.3": [
        1588015259.0735822,
        1588015264.316873
    ],
    "/usr/lib/libpthread-2.31.so": [
        1588015261.140232,
        1588015264.4002059
    ],
    "/usr/lib/libz.so.1.2.11": [
        1588015261.150232,
        1588015264.4102056
    ],
    "/usr/lib/crti.o": [
        1588015259.1069152,
        1588015264.3602061
    ],
    "/usr/lib/libutil.so.1": [
        1588015261.140232,
        1588015264.4002059
    ],
    "/usr/lib/libz.so": [
        1588015261.150232,
        1588015264.4102056
    ],
    "/usr/lib/libdl.so": [
        1588015261.140232,
        1588015264.4002059
    ],
    "/usr/lib/crtn.o": [
        1588015259.1202486,
        1588015264.3835392
    ],
    "/usr/lib/libmpfr.so.6": [
        1588015259.0735822,
        1588015264.316873
    ],
    "/usr/lib/Scrt1.o": [
        1588015259.1069152,
        1588015264.3568728
    ],
    "/usr/lib/libctf.so.0": [
        1588015259.103582,
        1588015264.3502061
    ],
    "/usr/lib/libpthread.so": [
        1588015261.140232,
        1588015264.4002059
    ],
    "/usr/lib/libpthread.so.0": [
        1588015261.140232,
        1588015264.4002059
    ],
    "/usr/lib/libgmp.so.10": [
        1588015259.0735822,
        1588015264.316873
    ],
    "/usr/lib/libctf.so": [
        1588015259.103582,
        1588015264.3502061
    ],
    "/usr/lib/libgmp.so.10.4.0": [
        1588015259.0735822,
        1588015264.316873
    ],
    "/usr/lib/libmpc.so": [
        1588015259.0735822,
        1588015264.316873
    ],
    "/usr/lib/libc-2.31.so": [
        1588015261.140232,
        1588015264.4002059
    ],
    "/usr/lib/libc.so.6": [
        1588015261.140232,
        1588015264.4002059
    ],
    "/usr/lib/libm-2.31.so": [
        1588015261.140232,
        1588015264.4002059
    ],
    "/usr/lib/libz.so.1": [
        1588015261.150232,
        1588015264.4102056
    ],
    "/usr/lib/libgcc_s.so": [
        1588015259.1169152,
        1588015264.3768725
    ],
    "/usr/lib/libm.so.6": [
        1588015261.140232,
        1588015264.4002059
    ],
    "/usr/lib/libmpfr.so": [
        1588015259.0735822,
        1588015264.316873
    ],
    "/usr/lib/libopcodes-2.34.so": [
        1588015259.0935822,
        1588015264.3402064
    ],
    "/usr/lib/ld-2.31.so": [
        1588015261.140232,
        1588015264.4002059
    ],
    "/usr/lib/libgmp.so": [
        1588015259.0735822,
        1588015264.316873
    ],
    "/usr/lib/libcrypt.so": [
        1588015261.140232,
        1588015264.4002059
    ],
    "/usr/lib/gconv/gconv-modules": [
        1588015261.1435654,
        1588015264.4035392
    ],
    "/usr/lib/locale/locale-archive": [
        1588015261.140232,
        1588015264.4002059
    ],
    "/usr/lib/gcc/x86_64-pc-linux-gnu/9.3.0/crtendS.o": [
        1588015259.1202486,
        1588015264.3835392
    ],
    "/usr/lib/gcc/x86_64-pc-linux-gnu/9.3.0/collect2": [
        1588015259.103582,
        1588015264.3502061
    ],
    "/usr/lib/gcc/x86_64-pc-linux-gnu/9.3.0/liblto_plugin.so": [
        1588015259.1069152,
        1588015264.3568728
    ],
    "/usr/lib/gcc/x86_64-pc-linux-gnu/9.3.0/libgcc.a": [
        1588015259.1202486,
        1588015264.3802059
    ],
    "/usr/lib/gcc/x86_64-pc-linux-gnu/9.3.0/liblto_plugin.so.0.0.0": [
        1588015259.1069152,
        1588015264.3568728
    ],
    "/usr/lib/gcc/x86_64-pc-linux-gnu/9.3.0/liblto_plugin.so.0": [
        1588015259.1069152,
        1588015264.3568728
    ],
    "/usr/lib/gcc/x86_64-pc-linux-gnu/9.3.0/cc1": [
        1588015259.0735822,
        1588015264.316873
    ],
    "/usr/lib/gcc/x86_64-pc-linux-gnu/9.3.0/crtbeginS.o": [
        1588015259.1069152,
        1588015264.3602061
    ],
    "/usr/lib/gcc/x86_64-pc-linux-gnu/9.3.0/include/stdarg.h": [
        1588015259.0835822,
        1588015264.326873
    ],
    "/usr/lib/gcc/x86_64-pc-linux-gnu/9.3.0/include/stddef.h": [
        1588015259.0835822,
        1588015264.326873
    ],
    "/usr/lib/libfakeroot/libfakeroot-0.so": [
        1588015261.140232,
        1588015264.4002059
    ],
    "/usr/lib/libfakeroot/libfakeroot.so": [
        1588015261.140232,
        1588015264.4002059
    ],
    "/usr/lib/bfd-plugins/liblto_plugin.so": [
        1588015259.1069152,
        1588015264.3568728
    ],
    "/usr/share/zoneinfo/America/New_York": [
        1588015261.1468987,
        1588015264.4068725
    ],
    "/usr/share/locale/locale.alias": [
        1588015261.136899,
        1588015264.3968725
    ],
    "/usr/include/stdio.h": [
        1588015259.0802488,
        1588015264.3235397
    ],
    "/usr/include/stdc-predef.h": [
        1588015259.0802488,
        1588015264.3235397
    ],
    "/usr/include/features.h": [
        1588015259.0802488,
        1588015264.3235397
    ],
    "/usr/include/gnu/stubs-64.h": [
        1588015259.0835822,
        1588015264.326873
    ],
    "/usr/include/gnu/stubs.h": [
        1588015259.0835822,
        1588015264.326873
    ],
    "/usr/include/bits/wordsize.h": [
        1588015259.0835822,
        1588015264.326873
    ],
    "/usr/include/bits/stdio_lim.h": [
        1588015259.0835822,
        1588015264.3302064
    ],
    "/usr/include/bits/sys_errlist.h": [
        1588015259.0835822,
        1588015264.3302064
    ],
    "/usr/include/bits/typesizes.h": [
        1588015259.0835822,
        1588015264.326873
    ],
    "/usr/include/bits/timesize.h": [
        1588015259.0835822,
        1588015264.326873
    ],
    "/usr/include/bits/time64.h": [
        1588015259.0835822,
        1588015264.326873
    ],
    "/usr/include/bits/types.h": [
        1588015259.0835822,
        1588015264.326873
    ],
    "/usr/include/bits/libc-header-start.h": [
        1588015259.0802488,
        1588015264.3235397
    ],
    "/usr/include/bits/long-double.h": [
        1588015259.0835822,
        1588015264.326873
    ],
    "/usr/include/bits/types/__mbstate_t.h": [
        1588015259.0835822,
        1588015264.326873
    ],
    "/usr/include/bits/types/__fpos64_t.h": [
        1588015259.0835822,
        1588015264.326873
    ],
    "/usr/include/bits/types/__fpos_t.h": [
        1588015259.0835822,
        1588015264.326873
    ],
    "/usr/include/bits/types/FILE.h": [
        1588015259.0835822,
        1588015264.326873
    ],
    "/usr/include/bits/types/__FILE.h": [
        1588015259.0835822,
        1588015264.326873
    ],
    "/usr/include/bits/types/struct_FILE.h": [
        1588015259.0835822,
        1588015264.326873
    ],
    "/usr/bin/as": [
        1588015259.0935822,
        1588015264.3402064
    ],