{
    "/usr/lib/libcrypt-2.31.so": [
        1588015258.286922,
        1588015259.1269152
    ],
    "/usr/lib/libcrypt.so.1": [
        1588015258.286922,
        1588015259.1269152
    ],
    "/usr/lib/libbfd-2.34.so": [
        1588015247.0636795,
        1588015259.103582
    ],
    "/usr/lib/libmpc.so.3.1.0": [
        1588015248.0870044,
        1588015259.0735822
    ],
    "/usr/lib/libutil.so": [
        1588015258.286922,
        1588015259.1269152
    ],
    "/usr/lib/libutil-2.31.so": [
        1588015258.286922,
        1588015259.1269152
    ],
    "/usr/lib/libdl-2.31.so": [
        1588015258.286922,
        1588015259.1269152
    ],
    "/usr/lib/ld-linux-x86-64.so.2": [
        1588015258.286922,
        1588015259.1269152
    ],
    "/usr/lib/libdl.so.2": [
        1588015258.286922,
        1588015259.1269152
    ],
    "/usr/lib/libmpfr.so.6.0.2": [
        1588015248.0903378,
        1588015259.0735822
    ],
    "/usr/lib/libgcc_s.so.1": [
        1588015247.2036784,
        1588015259.1169152
    ],
    "/usr/lib/libc.so": [
        1588015247.1136792,
        1588015259.1102486
    ],
    "/usr/lib/libctf.so.0.0.0": [
        1588015247.1370122,
        1588015259.103582
    ],
    "/usr/lib/libc_nonshared.a": [
        1588015247.1136792,
        1588015259.113582
    ],
    "/usr/lib/libmpc.so.3": [
        1588015248.0870044,
        1588015259.0735822
    ],
    "/usr/lib/libpthread-2.31.so": [
        1588015258.286922,
        1588015259.1269152
    ],
    "/usr/lib/libz.so.1.2.11": [
        1588015258.2935886,
        1588015259.136915
    ],
    "/usr/lib/crti.o": [
        1588015246.9636803,
        1588015259.1069152
    ],
    "/usr/lib/libutil.so.1": [
        1588015258.286922,
        1588015259.1269152
    ],
    "/usr/lib/libz.so": [
        1588015258.2935886,
        1588015259.136915
    ],
    "/usr/lib/libdl.so": [
        1588015258.286922,
        1588015259.1269152
    ],
    "/usr/lib/crtn.o": [
        1588015246.9636803,
        1588015259.1202486
    ],
    "/usr/lib/libmpfr.so.6": [
        1588015248.0903378,
        1588015259.0735822
    ],
    "/usr/lib/Scrt1.o": [
        1588015246.9636803,
        1588015259.1069152
    ],
    "/usr/lib/libctf.so.0": [
        1588015247.1370122,
        1588015259.103582
    ],
    "/usr/lib/libpthread.so": [
        1588015258.286922,
        1588015259.1269152
    ],
    "/usr/lib/libpthread.so.0": [
        1588015258.286922,
        1588015259.1269152
    ],
    "/usr/lib/libgmp.so.10": [
        1588015247.3336773,
        1588015259.0735822
    ],
    "/usr/lib/libctf.so": [
        1588015247.1370122,
        1588015259.103582
    ],
    "/usr/lib/libgmp.so.10.4.0": [
        1588015247.3336773,
        1588015259.0735822
    ],
    "/usr/lib/libmpc.so": [
        1588015248.0870044,
        1588015259.0735822
    ],
    "/usr/lib/libc-2.31.so": [
        1588015258.286922,
        1588015259.1269152
    ],
    "/usr/lib/libc.so.6": [
        1588015258.286922,
        1588015259.1269152
    ],
    "/usr/lib/libm-2.31.so": [
        1588015258.286922,
        1588015259.1269152
    ],
    "/usr/lib/libz.so.1": [
        1588015258.2935886,
        1588015259.136915
    ],
    "/usr/lib/libgcc_s.so": [
        1588015247.200345,
        1588015259.1169152
    ],
    "/usr/lib/libm.so.6": [
        1588015258.286922,
        1588015259.1269152
    ],
    "/usr/lib/libmpfr.so": [
        1588015248.0903378,
        1588015259.0735822
    ],
    "/usr/lib/libopcodes-2.34.so": [
        1588015248.1236708,
        1588015259.0935822
    ],
    "/usr/lib/ld-2.31.so": [
        1588015258.286922,
        1588015259.1269152
    ],
    "/usr/lib/libgmp.so": [
        1588015247.3336773,
        1588015259.0735822
    ],
    "/usr/lib/libcrypt.so": [
        1588015258.286922,
        1588015259.1269152
    ],
    "/usr/lib/gconv/gconv-modules": [
        1588015258.286922,
        1588015259.1302485
    ],
    "/usr/lib/locale/locale-archive": [
        1588015258.286922,
        1588015259.1302485
    ],
    "/usr/lib/gcc/x86_64-pc-linux-gnu/9.3.0/crtendS.o": [
        1588015248.7869987,
        1588015259.1202486
    ],
    "/usr/lib/gcc/x86_64-pc-linux-gnu/9.3.0/collect2": [
        1588015248.7869987,
        1588015259.103582
    ],
    "/usr/lib/gcc/x86_64-pc-linux-gnu/9.3.0/liblto_plugin.so": [
        1588015248.8069987,
        1588015259.1069152
    ],
    "/usr/lib/gcc/x86_64-pc-linux-gnu/9.3.0/libgcc.a": [
        1588015248.8036654,
        1588015259.1202486
    ],
    "/usr/lib/gcc/x86_64-pc-linux-gnu/9.3.0/liblto_plugin.so.0.0.0": [
        1588015248.8069987,
        1588015259.1069152
    ],
    "/usr/lib/gcc/x86_64-pc-linux-gnu/9.3.0/liblto_plugin.so.0": [
        1588015248.8069987,
        1588015259.1069152
    ],
    "/usr/lib/gcc/x86_64-pc-linux-gnu/9.3.0/cc1": [
        1588015248.6303334,
        1588015259.0735822
    ],
    "/usr/lib/gcc/x86_64-pc-linux-gnu/9.3.0/crtbeginS.o": [
        1588015248.7869987,
        1588015259.1069152
    ],
    "/usr/lib/gcc/x86_64-pc-linux-gnu/9.3.0/include/stdarg.h": [
        1588015249.006997,
        1588015259.0835822
    ],
    "/usr/lib/gcc/x86_64-pc-linux-gnu/9.3.0/include/stddef.h": [
        1588015249.006997,
        1588015259.0835822
    ],
    "/usr/lib/bfd-plugins/liblto_plugin.so": [
        1588015248.8069987,
        1588015259.1069152
    ],
    "/usr/share/zoneinfo/America/New_York": [
        1588015258.2935886,
        1588015259.136915
    ],
    "/usr/share/locale/locale.alias": [
        1588015258.2802553,
        1588015259.1069152
    ],
    "/usr/include/stdio.h": [
        1588015246.623683,
        1588015259.0802488
    ],
    "/usr/include/stdc-predef.h": [
        1588015246.623683,
        1588015259.0802488
    ],
    "/usr/include/features.h": [
        1588015246.6036832,
        1588015259.0802488
    ],
    "/usr/include/gnu/stubs-64.h": [
        1588015246.7670152,
        1588015259.0835822
    ],
    "/usr/include/gnu/stubs.h": [
        1588015246.7670152,
        1588015259.0835822
    ],
    "/usr/include/bits/wordsize.h": [
        1588015246.6536827,
        1588015259.0835822
    ],
    "/usr/include/bits/stdio_lim.h": [
        1588015246.6503494,
        1588015259.0835822
    ],
    "/usr/include/bits/sys_errlist.h": [
        1588015246.6536827,
        1588015259.0835822
    ],
    "/usr/include/bits/typesizes.h": [
        1588015246.6536827,
        1588015259.0835822
    ],
    "/usr/include/bits/timesize.h": [
        1588015246.6536827,
        1588015259.0835822
    ],
    "/usr/include/bits/time64.h": [
        1588015246.6536827,
        1588015259.0835822
    ],
    "/usr/include/bits/types.h": [
        1588015246.6536827,
        1588015259.0835822
    ],
    "/usr/include/bits/libc-header-start.h": [
        1588015246.6470163,
        1588015259.0802488
    ],
    "/usr/include/bits/long-double.h": [
        1588015246.6470163,
        1588015259.0835822
    ],
    "/usr/include/bits/types/__mbstate_t.h": [
        1588015246.6536827,
        1588015259.0835822
    ],
    "/usr/include/bits/types/__fpos64_t.h": [
        1588015246.6536827,
        1588015259.0835822
    ],
    "/usr/include/bits/types/__fpos_t.h": [
        1588015246.6536827,
        1588015259.0835822
    ],
    "/usr/include/bits/types/FILE.h": [
        1588015246.6536827,
        1588015259.0835822
    ],
    "/usr/include/bits/types/__FILE.h": [
        1588015246.6536827,
        1588015259.0835822
    ],
    "/usr/include/bits/types/struct_FILE.h": [
        1588015246.657016,
        1588015259.0835822
    ],
    "/usr/bin/as": [
        1588015246.16702,
        1588015259.0935822
    ],
    "/usr/bin/rm": [
        1588015258.263589,
        1588015259.1269152
    ],
    "/usr/bin/tee": [
        1588015246.5303504,
        1588015259.0735822
    ],
    "/usr/bin/cc": [
        1588015246.2903523,
        1588015259.0735822
    ],