{
    "/usr/lib/libbz2.so.1": [
        1589078977.9186108,
        1589078981.8052294
    ],
    "/usr/lib/libcap.so.2.33": [
        1589078961.5454814,
        1589078981.688564
    ],
    "/usr/lib/libncursesw.so.6.2": [
        1589078976.6586266,
        1589078981.675231
    ],
    "/usr/lib/libcrypt-2.31.so": [
        1589078977.8586116,
        1589078981.7485635
    ],
    "/usr/lib/libcrypt.so.1": [
        1589078977.8586116,
        1589078981.7485635
    ],
    "/usr/lib/libbfd-2.34.so": [
        1589078973.5253322,
        1589078981.7018974
    ],
    "/usr/lib/libpcre.so.1": [
        1589078977.8352785,
        1589078981.6818976
    ],
    "/usr/lib/libffi.so.7": [
        1589078973.581998,
        1589078981.6652312
    ],
    "/usr/lib/libutil.so": [
        1589078977.8586116,
        1589078981.7485635
    ],
    "/usr/lib/libcap.so": [
        1589078961.5454814,
        1589078981.688564
    ],
    "/usr/lib/libutil-2.31.so": [
        1589078977.8586116,
        1589078981.7485635
    ],
    "/usr/lib/libdl-2.31.so": [
        1589078977.8586116,
        1589078981.7485635
    ],
    "/usr/lib/libreadline.so.8": [
        1589078976.5619612,
        1589078981.675231
    ],
    "/usr/lib/ld-linux-x86-64.so.2": [
        1589078977.8586116,
        1589078981.7485635
    ],
    "/usr/lib/libdl.so.2": [
        1589078977.8586116,
        1589078981.7485635
    ],
    "/usr/lib/libgc.so.1.4.3": [
        1589078973.581998,
        1589078981.6652312
    ],
    "/usr/lib/libmpfr.so.6.0.2": [
        1589078973.385334,
        1589078981.0185726
    ],
    "/usr/lib/libgcc_s.so.1": [
        1589078973.5386653,
        1589078981.7152305
    ],
    "/usr/lib/libc.so": [
        1589078973.5286655,
        1589078981.7085638
    ],
    "/usr/lib/libunistring.so.2.1.0": [
        1589078976.4519625,
        1589078981.6652312
    ],
    "/usr/lib/libctf.so.0.0.0": [
        1589078973.5253322,
        1589078981.7018974
    ],
    "/usr/lib/libc_nonshared.a": [
        1589078973.535332,
        1589078981.7118971
    ],
    "/usr/lib/libguile-2.2.so.1": [
        1589078973.581998,
        1589078981.661898
    ],
    "/usr/lib/libbz2.so.1.0.8": [
        1589078977.9186108,
        1589078981.8052294
    ],
    "/usr/lib/libattr.so.1.1.2448": [
        1589078976.5519612,
        1589078981.7252305
    ],
    "/usr/lib/libffi.so.7.1.0": [
        1589078973.581998,
        1589078981.6652312
    ],
    "/usr/lib/libpthread-2.31.so": [
        1589078977.8586116,
        1589078981.7485635
    ],
    "/usr/lib/libguile-2.2.so.1.4.1": [
        1589078973.581998,
        1589078981.661898
    ],
    "/usr/lib/libz.so.1.2.11": [
        1589078977.8686116,
        1589078981.7618966
    ],
    "/usr/lib/libtic.so.6": [
        1589078976.6586266,
        1589078981.675231
    ],
    "/usr/lib/crti.o": [
        1589078973.5286655,
        1589078981.7052307
    ],
    "/usr/lib/libutil.so.1": [
        1589078977.8586116,
        1589078981.7485635
    ],
    "/usr/lib/liblzma.so.5.2.5": [
        1589078977.9219441,
        1589078981.8052294
    ],
    "/usr/lib/libguile-2.2.so": [
        1589078973.581998,
        1589078981.661898
    ],
    "/usr/lib/libattr.so.1": [
        1589078976.5519612,
        1589078981.7252305
    ],
    "/usr/lib/libgc.so": [
        1589078973.581998,
        1589078981.6652312
    ],
    "/usr/lib/libz.so": [
        1589078977.8686116,
        1589078981.7618966
    ],
    "/usr/lib/libcrypto.so": [
        1589078976.4486291,
        1589078981.685231
    ],
    "/usr/lib/libdl.so": [
        1589078977.8586116,
        1589078981.7485635
    ],
    "/usr/lib/libpcre.so.1.2.12": [
        1589078977.8352785,
        1589078981.6818976
    ],
    "/usr/lib/liblzma.so.5": [
        1589078977.9219441,
        1589078981.8052294
    ],
    "/usr/lib/libltdl.so.7": [
        1589078973.581998,
        1589078981.6652312
    ],
    "/usr/lib/liblzma.so": [
        1589078977.9219441,
        1589078981.8052294
    ],
    "/usr/lib/crtn.o": [
        1589078973.5386653,
        1589078981.7152305
    ],
    "/usr/lib/libltdl.so": [
        1589078973.581998,
        1589078981.6652312
    ],
    "/usr/lib/libmpfr.so.6": [
        1589078973.385334,
        1589078981.0185726
    ],
    "/usr/lib/Scrt1.o": [
        1589078973.5286655,
        1589078981.7052307
    ],
    "/usr/lib/libcrypto.so.1.1": [
        1589078976.4486291,
        1589078981.685231
    ],
    "/usr/lib/libattr.so": [
        1589078976.5519612,
        1589078981.7252305
    ],
    "/usr/lib/libacl.so.1": [
        1589078976.5519612,
        1589078981.7252305
    ],
    "/usr/lib/libctf.so.0": [
        1589078973.5253322,
        1589078981.7018974
    ],
    "/usr/lib/libtinfo.so.6": [
        1589078976.6586266,
        1589078981.675231
    ],
    "/usr/lib/libpthread.so": [
        1589078977.8586116,
        1589078981.7485635
    ],
    "/usr/lib/libbz2.so": [
        1589078977.9186108,
        1589078981.8052294
    ],
    "/usr/lib/libpthread.so.0": [
        1589078977.8586116,
        1589078981.7485635
    ],
    "/usr/lib/libgmp.so.10": [
        1589078973.581998,
        1589078981.6652312
    ],
    "/usr/lib/libgc.so.1": [
        1589078973.581998,
        1589078981.6652312
    ],
    "/usr/lib/libbz2.so.1.0": [
        1589078977.9186108,
        1589078981.8052294
    ],
    "/usr/lib/libnss_files-2.31.so": [
        1589078961.4321496,
        1589078981.6918974
    ],
    "/usr/lib/libltdl.so.7.3.1": [
        1589078973.581998,
        1589078981.6652312
    ],
    "/usr/lib/libpcre.so": [
        1589078977.8352785,
        1589078981.6818976
    ],
    "/usr/lib/libncursesw.so": [
        1589078976.6586266,
        1589078981.675231
    ],
    "/usr/lib/libctf.so": [
        1589078973.5253322,
        1589078981.7018974
    ],
    "/usr/lib/libreadline.so": [
        1589078976.5619612,
        1589078981.675231
    ],
    "/usr/lib/libunistring.so.2": [
        1589078976.4519625,
        1589078981.6652312
    ],
    "/usr/lib/libnss_files.so.2": [
        1589078961.4321496,
        1589078981.6918974
    ],
    "/usr/lib/libgmp.so.10.4.0": [
        1589078973.581998,
        1589078981.6652312
    ],
    "/usr/lib/libacl.so.1.1.2253": [
        1589078976.5519612,
        1589078981.7252305
    ],
    "/usr/lib/libunistring.so": [
        1589078976.4519625,
        1589078981.6652312
    ],
    "/usr/lib/libc-2.31.so": [
        1589078977.8586116,
        1589078981.7485635
    ],
    "/usr/lib/libacl.so": [
        1589078976.5519612,
        1589078981.7252305
    ],
    "/usr/lib/libffi.so": [
        1589078973.581998,
        1589078981.6652312
    ],
    "/usr/lib/libc.so.6": [
        1589078977.8586116,
        1589078981.7485635
    ],
    "/usr/lib/libm-2.31.so": [
        1589078977.8586116,
        1589078981.7485635
    ],
    "/usr/lib/libcap.so.2": [
        1589078961.5454814,
        1589078981.688564
    ],
    "/usr/lib/libz.so.1": [
        1589078977.8686116,
        1589078981.7618966
    ],
    "/usr/lib/libgcc_s.so": [
        1589078973.5386653,
        1589078981.7152305
    ],
    "/usr/lib/libm.so.6": [
        1589078977.8586116,
        1589078981.7485635
    ],
    "/usr/lib/libncursesw.so.6": [
        1589078976.6586266,
        1589078981.675231
    ],
    "/usr/lib/libmpfr.so": [
        1589078973.385334,
        1589078981.0185726
    ],
    "/usr/lib/ld-2.31.so": [
        1589078977.8586116,
        1589078981.7485635
    ],
    "/usr/lib/libreadline.so.8.0": [
        1589078976.5619612,
        1589078981.675231
    ],
    "/usr/lib/libgmp.so": [
        1589078973.581998,
        1589078981.6652312
    ],
    "/usr/lib/libnss_files.so": [
        1589078961.4321496,
        1589078981.6918974
    ],
    "/usr/lib/libcrypt.so": [
        1589078977.8586116,
        1589078981.7485635
    ],