{
    "/usr/lib/libbz2.so.1": [
        1589080414.7465506,
        1589080415.7198741
    ],
    "/usr/lib/libcrypt-2.31.so": [
        1589080414.696551,
        1589080415.676541
    ],
    "/usr/lib/libcrypt.so.1": [
        1589080414.696551,
        1589080415.676541
    ],
    "/usr/lib/libutil.so": [
        1589080414.696551,
        1589080415.676541
    ],
    "/usr/lib/libutil-2.31.so": [
        1589080414.696551,
        1589080415.676541
    ],
    "/usr/lib/libdl-2.31.so": [
        1589080414.696551,
        1589080415.676541
    ],
    "/usr/lib/ld-linux-x86-64.so.2": [
        1589080414.6932178,
        1589080415.676541
    ],
    "/usr/lib/libdl.so.2": [
        1589080414.696551,
        1589080415.676541
    ],
    "/usr/lib/libbz2.so.1.0.8": [
        1589080414.7465506,
        1589080415.7198741
    ],
    "/usr/lib/libattr.so.1.1.2448": [
        1589080414.6898844,
        1589080415.6732078
    ],
    "/usr/lib/libpthread-2.31.so": [
        1589080414.696551,
        1589080415.676541
    ],
    "/usr/lib/libz.so.1.2.11": [
        1589080414.7065508,
        1589080415.6832078
    ],
    "/usr/lib/libutil.so.1": [
        1589080414.696551,
        1589080415.676541
    ],
    "/usr/lib/liblzma.so.5.2.5": [
        1589080414.7465506,
        1589080415.7198741
    ],
    "/usr/lib/libattr.so.1": [
        1589080414.6898844,
        1589080415.6732078
    ],
    "/usr/lib/libz.so": [
        1589080414.7065508,
        1589080415.6832078
    ],
    "/usr/lib/libdl.so": [
        1589080414.696551,
        1589080415.676541
    ],
    "/usr/lib/liblzma.so.5": [
        1589080414.7465506,
        1589080415.7198741
    ],
    "/usr/lib/liblzma.so": [
        1589080414.7465506,
        1589080415.7198741
    ],
    "/usr/lib/libattr.so": [
        1589080414.6898844,
        1589080415.6732078
    ],
    "/usr/lib/libpthread.so": [
        1589080414.696551,
        1589080415.676541
    ],
    "/usr/lib/libbz2.so": [
        1589080414.7465506,
        1589080415.7198741
    ],
    "/usr/lib/libpthread.so.0": [
        1589080414.696551,
        1589080415.676541
    ],
    "/usr/lib/libbz2.so.1.0": [
        1589080414.7465506,
        1589080415.7198741
    ],
    "/usr/lib/libc-2.31.so": [
        1589080414.696551,
        1589080415.676541
    ],
    "/usr/lib/libc.so.6": [
        1589080414.696551,
        1589080415.676541
    ],
    "/usr/lib/libm-2.31.so": [
        1589080414.696551,
        1589080415.676541
    ],
    "/usr/lib/libz.so.1": [
        1589080414.7065508,
        1589080415.6832078
    ],
    "/usr/lib/libm.so.6": [
        1589080414.696551,
        1589080415.676541
    ],
    "/usr/lib/ld-2.31.so": [
        1589080414.6932178,
        1589080415.676541
    ],
    "/usr/lib/libcrypt.so": [
        1589080414.696551,
        1589080415.676541
    ],
    "/usr/lib/gconv/gconv-modules": [
        1589080414.696551,
        1589080415.6798744
    ],
    "/usr/lib/locale/locale-archive": [
        1589080414.696551,
        1589080415.676541
    ],
    "/usr/share/zoneinfo/America/New_York": [
        1589080414.7032175,
        1589080415.6832078
    ],
    "/usr/share/locale/locale.alias": [
        1589080413.0865672,
        1589080415.6732078
    ],
    "/usr/bin/rm": [
        1589080414.6798844,
        1589080415.6732078
    ],
    "/usr/bin/tee": [
        1589080399.6333685,
        1589080415.6732078
    ],
    "/usr/bin/mktemp": [
        1589080399.5233696,
        1589080415.6698747
    ],
    "/usr/bin/patch": [
        1589080399.5567026,
        1589080415.6732078
    ],
    "/usr/bin/gettext": [
        1589080413.0865672,
        1589080415.6665413
    ],
    "/usr/bin/mkfifo": [
        1589080399.5200362,
        1589080415.6698747
    ],
    "/etc/mtab": [
        1589080415.5165427,
        1589080416.4398668
    ],
    "/etc/localtime": [
        1589080414.7032175,
        1589080415.6832078
    ],
    "/etc/ld.so.cache": [
        1589080414.7465506,
        1589080415.7198741
    ]
}