{
    "/usr/lib/libbz2.so.1": [
        1589080635.2843485,
        1589080641.9442823
    ],
    "/usr/lib/libncursesw.so.6.2": [
        1589080634.0543609,
        1589080640.6009624
    ],
    "/usr/lib/libcrypt-2.31.so": [
        1589080635.2310157,
        1589080641.8876162
    ],
    "/usr/lib/libcrypt.so.1": [
        1589080635.2310157,
        1589080641.8876162
    ],
    "/usr/lib/libbfd-2.34.so": [
        1589080627.0944302,
        1589080640.5709627
    ],
    "/usr/lib/libpcre.so.1": [
        1589080635.2076826,
        1589080640.554296
    ],
    "/usr/lib/libffi.so.7": [
        1589080432.523039,
        1589080638.8776462
    ],
    "/usr/lib/libutil.so": [
        1589080635.2310157,
        1589080641.8876162
    ],
    "/usr/lib/libutil-2.31.so": [
        1589080635.2310157,
        1589080641.8876162
    ],
    "/usr/lib/libdl-2.31.so": [
        1589080635.2310157,
        1589080641.8876162
    ],
    "/usr/lib/libreadline.so.8": [
        1589080633.954362,
        1589080640.6009624
    ],
    "/usr/lib/ld-linux-x86-64.so.2": [
        1589080635.2310157,
        1589080641.8876162
    ],
    "/usr/lib/libdl.so.2": [
        1589080635.2310157,
        1589080641.8876162
    ],
    "/usr/lib/libgc.so.1.4.3": [
        1589080432.523039,
        1589080638.8776462
    ],
    "/usr/lib/libunistring.so.2.1.0": [
        1589080633.844363,
        1589080638.8776462
    ],
    "/usr/lib/libguile-2.2.so.1": [
        1589080432.523039,
        1589080638.8776462
    ],
    "/usr/lib/libbz2.so.1.0.8": [
        1589080635.2843485,
        1589080641.9442823
    ],
    "/usr/lib/libattr.so.1.1.2448": [
        1589080633.944362,
        1589080641.8842828
    ],
    "/usr/lib/libffi.so.7.1.0": [
        1589080432.523039,
        1589080638.8776462
    ],
    "/usr/lib/libpthread-2.31.so": [
        1589080635.2310157,
        1589080641.8876162
    ],
    "/usr/lib/libguile-2.2.so.1.4.1": [
        1589080432.523039,
        1589080638.8776462
    ],
    "/usr/lib/libz.so.1.2.11": [
        1589080635.2410157,
        1589080641.9009495
    ],
    "/usr/lib/libtic.so.6": [
        1589080634.0543609,
        1589080640.6009624
    ],
    "/usr/lib/libutil.so.1": [
        1589080635.2310157,
        1589080641.8876162
    ],
    "/usr/lib/liblzma.so.5.2.5": [
        1589080635.2876818,
        1589080641.9476156
    ],
    "/usr/lib/libguile-2.2.so": [
        1589080432.523039,
        1589080638.8776462
    ],
    "/usr/lib/libattr.so.1": [
        1589080633.944362,
        1589080641.8842828
    ],
    "/usr/lib/libgc.so": [
        1589080432.523039,
        1589080638.8776462
    ],
    "/usr/lib/libz.so": [
        1589080635.2410157,
        1589080641.9009495
    ],
    "/usr/lib/libdl.so": [
        1589080635.2310157,
        1589080641.8876162
    ],
    "/usr/lib/libpcre.so.1.2.12": [
        1589080635.2076826,
        1589080640.554296
    ],
    "/usr/lib/liblzma.so.5": [
        1589080635.2876818,
        1589080641.9476156
    ],
    "/usr/lib/libltdl.so.7": [
        1589080432.523039,
        1589080638.8776462
    ],
    "/usr/lib/liblzma.so": [
        1589080635.2876818,
        1589080641.9476156
    ],
    "/usr/lib/libltdl.so": [
        1589080432.523039,
        1589080638.8776462
    ],
    "/usr/lib/libattr.so": [
        1589080633.944362,
        1589080641.8842828
    ],
    "/usr/lib/libacl.so.1": [
        1589080633.944362,
        1589080641.8842828
    ],
    "/usr/lib/libtinfo.so.6": [
        1589080634.0543609,
        1589080640.6009624
    ],
    "/usr/lib/libpthread.so": [
        1589080635.2310157,
        1589080641.8876162
    ],
    "/usr/lib/libbz2.so": [
        1589080635.2843485,
        1589080641.9442823
    ],
    "/usr/lib/libpthread.so.0": [
        1589080635.2310157,
        1589080641.8876162
    ],
    "/usr/lib/libgmp.so.10": [
        1589080626.7644334,
        1589080638.8776462
    ],
    "/usr/lib/libgc.so.1": [
        1589080432.523039,
        1589080638.8776462
    ],
    "/usr/lib/libbz2.so.1.0": [
        1589080635.2843485,
        1589080641.9442823
    ],
    "/usr/lib/libltdl.so.7.3.1": [
        1589080432.523039,
        1589080638.8776462
    ],
    "/usr/lib/libpcre.so": [
        1589080635.2076826,
        1589080640.554296
    ],
    "/usr/lib/libncursesw.so": [
        1589080634.0543609,
        1589080640.6009624
    ],
    "/usr/lib/libreadline.so": [
        1589080633.954362,
        1589080640.6009624
    ],
    "/usr/lib/libunistring.so.2": [
        1589080633.844363,
        1589080638.8776462
    ],
    "/usr/lib/libgmp.so.10.4.0": [
        1589080626.7644334,
        1589080638.8776462
    ],
    "/usr/lib/libacl.so.1.1.2253": [
        1589080633.944362,
        1589080641.8842828
    ],
    "/usr/lib/libunistring.so": [
        1589080633.844363,
        1589080638.8776462
    ],
    "/usr/lib/libc-2.31.so": [
        1589080635.2310157,
        1589080641.8876162
    ],
    "/usr/lib/libacl.so": [
        1589080633.944362,
        1589080641.8842828
    ],
    "/usr/lib/libffi.so": [
        1589080432.523039,
        1589080638.8776462
    ],
    "/usr/lib/libc.so.6": [
        1589080635.2310157,
        1589080641.8876162
    ],
    "/usr/lib/libm-2.31.so": [
        1589080635.2310157,
        1589080641.8876162
    ],
    "/usr/lib/libz.so.1": [
        1589080635.2410157,
        1589080641.9009495
    ],
    "/usr/lib/libm.so.6": [
        1589080635.2310157,
        1589080641.8876162
    ],
    "/usr/lib/libncursesw.so.6": [
        1589080634.0543609,
        1589080640.6009624
    ],
    "/usr/lib/ld-2.31.so": [
        1589080635.2310157,
        1589080641.8876162
    ],
    "/usr/lib/libreadline.so.8.0": [
        1589080633.954362,
        1589080640.6009624
    ],
    "/usr/lib/libgmp.so": [
        1589080626.7644334,
        1589080638.8776462
    ],
    "/usr/lib/libcrypt.so": [
        1589080635.2310157,
        1589080641.8876162
    ],
    "/usr/lib/gconv/gconv-modules": [
        1589080635.234349,
        1589080641.8909495
    ],
    "/usr/lib/locale/locale-archive": [
        1589080635.2310157,
        1589080641.8876162
    ],
    "/usr/lib/gcc/x86_64-pc-linux-gnu/9.3.0/liblto_plugin.so": [
        1589080627.0944302,
        1589080639.697638
    ],
    "/usr/lib/gcc/x86_64-pc-linux-gnu/9.3.0/liblto_plugin.so.0.0.0": [
        1589080627.0944302,
        1589080639.697638
    ],
    "/usr/lib/gcc/x86_64-pc-linux-gnu/9.3.0/liblto_plugin.so.0": [
        1589080627.0944302,
        1589080639.697638
    ],
    "/usr/lib/libfakeroot/libfakeroot-0.so": [
        1589080635.2310157,
        1589080641.8876162
    ],
    "/usr/lib/libfakeroot/libfakeroot.so": [
        1589080635.2310157,
        1589080641.8876162
    ],
    "/usr/lib/bfd-plugins/liblto_plugin.so": [
        1589080627.0944302,
        1589080639.697638
    ],
    "/usr/share/zoneinfo/America/New_York": [
        1589080635.2376823,
        1589080641.8942828
    ],
    "/usr/share/locale/locale.alias": [
        1589080635.2276826,
        1589080641.8876162
    ],
    "/usr/bin/rm": [
        1589080627.1544297,
        1589080641.8842828
    ],
    "/usr/bin/tee": [
        1589080418.409847,
        1589080638.8776462
    ],
    "/usr/bin/sh": [
        1589080633.954362,
        1589080640.597629
    ],
    "/usr/bin/sed": [
        1589080633.944362,
        1589080640.5676293
    ],
    "/usr/bin/mktemp": [
        1589080432.1897092,
        1589080638.8709795
    ],
    "/usr/bin/mkdir": [
        1589080635.2243493,
        1589080640.587629
    ],
    "/usr/bin/strip": [
        1589080420.8598225,
        1589080640.5709627
    ],
    "/usr/bin/cp": [
        1589080399.340038,
        1589080640.6042957
    ],
    "/usr/bin/gettext": [
        1589080634.0243611,
        1589080638.8676462
    ],
    "/usr/bin/mkfifo": [
        1589080418.409847,
        1589080638.8743129
    ],