{
    "/usr/lib/libbz2.so.1": [
        1589061758.2106822,
        1589061808.2435434
    ],
    "/usr/lib/libncursesw.so.6.2": [
        1589061676.748116,
        1589061807.9102132
    ],
    "/usr/lib/libcrypt-2.31.so": [
        1589061758.1473494,
        1589061808.183544
    ],
    "/usr/lib/libcrypt.so.1": [
        1589061758.1473494,
        1589061808.183544
    ],
    "/usr/lib/libmpc.so.3.1.0": [
        1589061626.5185883,
        1589061775.0838563
    ],
    "/usr/lib/libpcre.so.1": [
        1589061676.1547883,
        1589061775.1005228
    ],
    "/usr/lib/libffi.so.7": [
        1589061658.1182911,
        1589061807.6502156
    ],
    "/usr/lib/libutil.so": [
        1589061758.1506827,
        1589061808.183544
    ],
    "/usr/lib/libutil-2.31.so": [
        1589061758.1506827,
        1589061808.183544
    ],
    "/usr/lib/libdl-2.31.so": [
        1589061758.1473494,
        1589061808.183544
    ],
    "/usr/lib/libreadline.so.8": [
        1589061676.748116,
        1589061807.9102132
    ],
    "/usr/lib/ld-linux-x86-64.so.2": [
        1589061758.1473494,
        1589061808.183544
    ],
    "/usr/lib/libdl.so.2": [
        1589061758.1473494,
        1589061808.183544
    ],
    "/usr/lib/libgc.so.1.4.3": [
        1589061622.8152897,
        1589061771.51389
    ],
    "/usr/lib/libmpfr.so.6.0.2": [
        1589061676.748116,
        1589061775.0838563
    ],
    "/usr/lib/libunistring.so.2.1.0": [
        1589061676.7514493,
        1589061771.51389
    ],
    "/usr/lib/libmpc.so.3": [
        1589061626.5185883,
        1589061775.0838563
    ],
    "/usr/lib/libguile-2.2.so.1": [
        1589061622.8152897,
        1589061771.51389
    ],
    "/usr/lib/libbz2.so.1.0.8": [
        1589061758.2106822,
        1589061808.2435434
    ],
    "/usr/lib/libattr.so.1.1.2448": [
        1589061677.8614388,
        1589061808.1802108
    ],
    "/usr/lib/libffi.so.7.1.0": [
        1589061658.1182911,
        1589061807.6502156
    ],
    "/usr/lib/libpthread-2.31.so": [
        1589061758.1473494,
        1589061808.183544
    ],
    "/usr/lib/libguile-2.2.so.1.4.1": [
        1589061622.8152897,
        1589061771.51389
    ],
    "/usr/lib/libz.so.1.2.11": [
        1589061758.1640158,
        1589061808.1968772
    ],
    "/usr/lib/libtic.so.6": [
        1589061676.748116,
        1589061807.9102132
    ],
    "/usr/lib/libutil.so.1": [
        1589061758.1506827,
        1589061808.183544
    ],
    "/usr/lib/liblzma.so.5.2.5": [
        1589061758.2140155,
        1589061808.2435434
    ],
    "/usr/lib/libguile-2.2.so": [
        1589061622.8152897,
        1589061771.51389
    ],
    "/usr/lib/libattr.so.1": [
        1589061677.8614388,
        1589061808.1802108
    ],
    "/usr/lib/libgc.so": [
        1589061622.8152897,
        1589061771.51389
    ],
    "/usr/lib/librt.so.1": [
        1589061658.1182911,
        1589061807.6502156
    ],
    "/usr/lib/libz.so": [
        1589061758.1640158,
        1589061808.1968772
    ],
    "/usr/lib/libdl.so": [
        1589061758.1473494,
        1589061808.183544
    ],
    "/usr/lib/libpcre.so.1.2.12": [
        1589061676.1547883,
        1589061775.1005228
    ],
    "/usr/lib/liblzma.so.5": [
        1589061758.2140155,
        1589061808.2435434
    ],
    "/usr/lib/libltdl.so.7": [
        1589061622.8152897,
        1589061771.51389
    ],
    "/usr/lib/liblzma.so": [
        1589061758.2140155,
        1589061808.2435434
    ],
    "/usr/lib/libltdl.so": [
        1589061622.8152897,
        1589061771.51389
    ],
    "/usr/lib/libmpfr.so.6": [
        1589061676.748116,
        1589061775.0838563
    ],
    "/usr/lib/librt.so": [
        1589061658.1182911,
        1589061807.6502156
    ],
    "/usr/lib/libattr.so": [
        1589061677.8614388,
        1589061808.1802108
    ],
    "/usr/lib/libacl.so.1": [
        1589061677.8614388,
        1589061808.1802108
    ],
    "/usr/lib/libtinfo.so.6": [
        1589061676.748116,
        1589061807.9102132
    ],
    "/usr/lib/libpthread.so": [
        1589061758.1473494,
        1589061808.183544
    ],
    "/usr/lib/libbz2.so": [
        1589061758.2106822,
        1589061808.2435434
    ],
    "/usr/lib/libpthread.so.0": [
        1589061758.1473494,
        1589061808.183544
    ],
    "/usr/lib/libgmp.so.10": [
        1589061676.748116,
        1589061807.6502156
    ],
    "/usr/lib/libgc.so.1": [
        1589061622.8152897,
        1589061771.51389
    ],
    "/usr/lib/libbz2.so.1.0": [
        1589061758.2106822,
        1589061808.2435434
    ],
    "/usr/lib/librt-2.31.so": [
        1589061658.1182911,
        1589061807.6502156
    ],
    "/usr/lib/libltdl.so.7.3.1": [
        1589061622.8152897,
        1589061771.51389
    ],
    "/usr/lib/libpcre.so": [
        1589061676.1547883,
        1589061775.1005228
    ],
    "/usr/lib/libncursesw.so": [
        1589061676.748116,
        1589061807.9102132
    ],
    "/usr/lib/libreadline.so": [
        1589061676.748116,
        1589061807.9102132
    ],
    "/usr/lib/libunistring.so.2": [
        1589061676.7514493,
        1589061771.51389
    ],
    "/usr/lib/libgmp.so.10.4.0": [
        1589061676.748116,
        1589061807.6502156
    ],
    "/usr/lib/libmpc.so": [
        1589061626.5185883,
        1589061775.0838563
    ],
    "/usr/lib/libacl.so.1.1.2253": [
        1589061677.8614388,
        1589061808.1802108
    ],
    "/usr/lib/libunistring.so": [
        1589061676.7514493,
        1589061771.51389
    ],
    "/usr/lib/libc-2.31.so": [
        1589061758.1506827,
        1589061808.183544
    ],
    "/usr/lib/libacl.so": [
        1589061677.8614388,
        1589061808.1802108
    ],
    "/usr/lib/libffi.so": [
        1589061658.1182911,
        1589061807.6502156
    ],
    "/usr/lib/libc.so.6": [
        1589061758.1506827,
        1589061808.183544
    ],
    "/usr/lib/libm-2.31.so": [
        1589061758.1506827,
        1589061808.183544
    ],
    "/usr/lib/libz.so.1": [
        1589061758.1640158,
        1589061808.1968772
    ],
    "/usr/lib/libm.so.6": [
        1589061758.1506827,
        1589061808.183544
    ],
    "/usr/lib/libncursesw.so.6": [
        1589061676.748116,
        1589061807.9102132
    ],
    "/usr/lib/libmpfr.so": [
        1589061676.748116,
        1589061775.0838563
    ],
    "/usr/lib/ld-2.31.so": [
        1589061758.1473494,
        1589061808.183544
    ],
    "/usr/lib/libreadline.so.8.0": [
        1589061676.748116,
        1589061807.9102132
    ],
    "/usr/lib/libgmp.so": [
        1589061676.748116,
        1589061807.6502156
    ],
    "/usr/lib/libcrypt.so": [
        1589061758.1473494,
        1589061808.183544
    ],
    "/usr/lib/gconv/gconv-modules": [
        1589061758.154016,
        1589061808.1868773
    ],
    "/usr/lib/locale/locale-archive": [
        1589061758.1506827,
        1589061808.1868773
    ],
    "/usr/lib/gcc/x86_64-pc-linux-gnu/9.3.0/cc1": [
        1589061626.5185883,
        1589061775.0838563
    ],
    "/usr/lib/libfakeroot/libfakeroot-0.so": [
        1589061758.1473494,
        1589061808.183544
    ],
    "/usr/lib/libfakeroot/libfakeroot.so": [
        1589061758.1473494,
        1589061808.183544
    ],
    "/usr/share/zoneinfo/America/New_York": [
        1589061758.1606824,
        1589061808.193544
    ],
    "/usr/share/locale/locale.alias": [
        1589061758.144016,
        1589061808.183544
    ],
    "/usr/include/stdc-predef.h": [
        1589061626.5252547,
        1589061775.090523
    ],
    "/usr/bin/basename": [
        1589061629.53856,
        1589061777.9671624
    ],
    "/usr/bin/rm": [
        1589061671.4981654,
        1589061808.1802108
    ],
    "/usr/bin/tee": [
        1589061619.751985,
        1589061768.4939184
    ],
    "/usr/bin/mv": [
        1589061629.0185647,
        1589061808.1735442
    ],
    "/usr/bin/cat": [
        1589061676.5547845,
        1589061774.9938571
    ],