{
    "/usr/lib/libbz2.so.1": [
        1589061609.7587457,
        1589061659.141615
    ],
    "/usr/lib/libncursesw.so.6.2": [
        1589061539.2927399,
        1589061658.3682888
    ],
    "/usr/lib/libcrypt-2.31.so": [
        1589061609.6954129,
        1589061659.0816154
    ],
    "/usr/lib/libcrypt.so.1": [
        1589061609.6954129,
        1589061659.0816154
    ],
    "/usr/lib/libmpc.so.3.1.0": [
        1589061477.073322,
        1589061626.5185883
    ],
    "/usr/lib/libpcre.so.1": [
        1589061538.5727465,
        1589061626.5319214
    ],
    "/usr/lib/libffi.so.7": [
        1589061515.506296,
        1589061658.1182911
    ],
    "/usr/lib/libutil.so": [
        1589061609.6954129,
        1589061659.0816154
    ],
    "/usr/lib/libutil-2.31.so": [
        1589061609.6954129,
        1589061659.0816154
    ],
    "/usr/lib/libdl-2.31.so": [
        1589061609.6954129,
        1589061659.0816154
    ],
    "/usr/lib/libreadline.so.8": [
        1589061539.2894065,
        1589061658.3682888
    ],
    "/usr/lib/ld-linux-x86-64.so.2": [
        1589061609.6954129,
        1589061659.0816154
    ],
    "/usr/lib/libdl.so.2": [
        1589061609.6954129,
        1589061659.0816154
    ],
    "/usr/lib/libgc.so.1.4.3": [
        1589061473.2066915,
        1589061622.8152897
    ],
    "/usr/lib/libmpfr.so.6.0.2": [
        1589061539.2894065,
        1589061626.5185883
    ],
    "/usr/lib/libunistring.so.2.1.0": [
        1589061539.2927399,
        1589061622.8152897
    ],
    "/usr/lib/libmpc.so.3": [
        1589061477.073322,
        1589061626.5185883
    ],
    "/usr/lib/libguile-2.2.so.1": [
        1589061473.2066915,
        1589061622.8152897
    ],
    "/usr/lib/libbz2.so.1.0.8": [
        1589061609.7587457,
        1589061659.141615
    ],
    "/usr/lib/libattr.so.1.1.2448": [
        1589061540.3860629,
        1589061659.0749488
    ],
    "/usr/lib/libffi.so.7.1.0": [
        1589061515.506296,
        1589061658.1182911
    ],
    "/usr/lib/libpthread-2.31.so": [
        1589061609.6954129,
        1589061659.0816154
    ],
    "/usr/lib/libguile-2.2.so.1.4.1": [
        1589061473.2066915,
        1589061622.8152897
    ],
    "/usr/lib/libz.so.1.2.11": [
        1589061609.708746,
        1589061659.0916154
    ],
    "/usr/lib/libtic.so.6": [
        1589061539.2927399,
        1589061658.3682888
    ],
    "/usr/lib/libutil.so.1": [
        1589061609.6954129,
        1589061659.0816154
    ],
    "/usr/lib/liblzma.so.5.2.5": [
        1589061609.7587457,
        1589061659.1449482
    ],
    "/usr/lib/libguile-2.2.so": [
        1589061473.2066915,
        1589061622.8152897
    ],
    "/usr/lib/libattr.so.1": [
        1589061540.3860629,
        1589061659.0749488
    ],
    "/usr/lib/libgc.so": [
        1589061473.2066915,
        1589061622.8152897
    ],
    "/usr/lib/librt.so.1": [
        1589061515.506296,
        1589061658.1182911
    ],
    "/usr/lib/libz.so": [
        1589061609.708746,
        1589061659.0916154
    ],
    "/usr/lib/libdl.so": [
        1589061609.6954129,
        1589061659.0816154
    ],
    "/usr/lib/libpcre.so.1.2.12": [
        1589061538.5727465,
        1589061626.5319214
    ],
    "/usr/lib/liblzma.so.5": [
        1589061609.7587457,
        1589061659.1449482
    ],
    "/usr/lib/libltdl.so.7": [
        1589061473.2066915,
        1589061622.8152897
    ],
    "/usr/lib/liblzma.so": [
        1589061609.7587457,
        1589061659.1449482
    ],
    "/usr/lib/libltdl.so": [
        1589061473.2066915,
        1589061622.8152897
    ],
    "/usr/lib/libmpfr.so.6": [
        1589061539.2894065,
        1589061626.5185883
    ],
    "/usr/lib/librt.so": [
        1589061515.506296,
        1589061658.1182911
    ],
    "/usr/lib/libattr.so": [
        1589061540.3860629,
        1589061659.0749488
    ],
    "/usr/lib/libacl.so.1": [
        1589061540.3827295,
        1589061659.0749488
    ],
    "/usr/lib/libtinfo.so.6": [
        1589061539.2927399,
        1589061658.3682888
    ],
    "/usr/lib/libpthread.so": [
        1589061609.6954129,
        1589061659.0816154
    ],
    "/usr/lib/libbz2.so": [
        1589061609.7587457,
        1589061659.141615
    ],
    "/usr/lib/libpthread.so.0": [
        1589061609.6954129,
        1589061659.0816154
    ],
    "/usr/lib/libgmp.so.10": [
        1589061539.2927399,
        1589061658.1182911
    ],
    "/usr/lib/libgc.so.1": [
        1589061473.2066915,
        1589061622.8152897
    ],
    "/usr/lib/libbz2.so.1.0": [
        1589061609.7587457,
        1589061659.141615
    ],
    "/usr/lib/librt-2.31.so": [
        1589061515.506296,
        1589061658.1182911
    ],
    "/usr/lib/libltdl.so.7.3.1": [
        1589061473.2066915,
        1589061622.8152897
    ],
    "/usr/lib/libpcre.so": [
        1589061538.5727465,
        1589061626.5319214
    ],
    "/usr/lib/libncursesw.so": [
        1589061539.2927399,
        1589061658.3682888
    ],
    "/usr/lib/libreadline.so": [
        1589061539.2894065,
        1589061658.3682888
    ],
    "/usr/lib/libunistring.so.2": [
        1589061539.2927399,
        1589061622.8152897
    ],
    "/usr/lib/libgmp.so.10.4.0": [
        1589061539.2927399,
        1589061658.1182911
    ],
    "/usr/lib/libmpc.so": [
        1589061477.073322,
        1589061626.5185883
    ],
    "/usr/lib/libacl.so.1.1.2253": [
        1589061540.3827295,
        1589061659.0749488
    ],
    "/usr/lib/libunistring.so": [
        1589061539.2927399,
        1589061622.8152897
    ],
    "/usr/lib/libc-2.31.so": [
        1589061609.6954129,
        1589061659.0816154
    ],
    "/usr/lib/libacl.so": [
        1589061540.3827295,
        1589061659.0749488
    ],
    "/usr/lib/libffi.so": [
        1589061515.506296,
        1589061658.1182911
    ],
    "/usr/lib/libc.so.6": [
        1589061609.6954129,
        1589061659.0816154
    ],
    "/usr/lib/libm-2.31.so": [
        1589061609.6954129,
        1589061659.0816154
    ],
    "/usr/lib/libz.so.1": [
        1589061609.708746,
        1589061659.0916154
    ],
    "/usr/lib/libm.so.6": [
        1589061609.6954129,
        1589061659.0816154
    ],
    "/usr/lib/libncursesw.so.6": [
        1589061539.2927399,
        1589061658.3682888
    ],
    "/usr/lib/libmpfr.so": [
        1589061539.2894065,
        1589061626.5185883
    ],
    "/usr/lib/ld-2.31.so": [
        1589061609.6954129,
        1589061659.0816154
    ],
    "/usr/lib/libreadline.so.8.0": [
        1589061539.2894065,
        1589061658.3682888
    ],
    "/usr/lib/libgmp.so": [
        1589061539.2927399,
        1589061658.1182911
    ],
    "/usr/lib/libcrypt.so": [
        1589061609.6954129,
        1589061659.0816154
    ],
    "/usr/lib/gconv/gconv-modules": [
        1589061609.6987462,
        1589061659.0849488
    ],
    "/usr/lib/locale/locale-archive": [
        1589061609.6987462,
        1589061659.0816154
    ],
    "/usr/lib/gcc/x86_64-pc-linux-gnu/9.3.0/cc1": [
        1589061477.073322,
        1589061626.5185883
    ],
    "/usr/lib/libfakeroot/libfakeroot-0.so": [
        1589061609.6954129,
        1589061659.0816154
    ],
    "/usr/lib/libfakeroot/libfakeroot.so": [
        1589061609.6954129,
        1589061659.0816154
    ],
    "/usr/share/zoneinfo/America/New_York": [
        1589061609.7054129,
        1589061659.088282
    ],
    "/usr/share/locale/locale.alias": [
        1589061609.6920795,
        1589061659.078282
    ],
    "/usr/include/stdc-predef.h": [
        1589061477.0799885,
        1589061626.5252547
    ],
    "/usr/bin/basename": [
        1589061480.4199574,
        1589061629.53856
    ],
    "/usr/bin/rm": [
        1589061529.0995018,
        1589061659.078282
    ],
    "/usr/bin/tee": [
        1589061470.0933871,
        1589061619.751985
    ],
    "/usr/bin/mv": [
        1589061479.7132974,
        1589061629.0185647
    ],