{
    "/usr/lib/libbz2.so.1": [
        1589050277.1591845,
        1589050280.9224834
    ],
    "/usr/lib/libcrypt-2.31.so": [
        1589050277.085852,
        1589050280.8791504
    ],
    "/usr/lib/libcrypt.so.1": [
        1589050277.085852,
        1589050280.8791504
    ],
    "/usr/lib/libutil.so": [
        1589050277.085852,
        1589050280.8791504
    ],
    "/usr/lib/libutil-2.31.so": [
        1589050277.085852,
        1589050280.8791504
    ],
    "/usr/lib/libdl-2.31.so": [
        1589050277.085852,
        1589050280.8791504
    ],
    "/usr/lib/libarchive.so.13": [
        1589050277.0791852,
        1589050279.2758317
    ],
    "/usr/lib/libzstd.so.1.4.4": [
        1589050277.0791852,
        1589050279.2758317
    ],
    "/usr/lib/ld-linux-x86-64.so.2": [
        1589050277.085852,
        1589050280.8791504
    ],
    "/usr/lib/libdl.so.2": [
        1589050277.085852,
        1589050280.8791504
    ],
    "/usr/lib/liblz4.so.1": [
        1589050277.0791852,
        1589050279.2758317
    ],
    "/usr/lib/libbz2.so.1.0.8": [
        1589050277.1591845,
        1589050280.9224834
    ],
    "/usr/lib/libattr.so.1.1.2448": [
        1589050277.0791852,
        1589050280.875817
    ],
    "/usr/lib/libpthread-2.31.so": [
        1589050277.085852,
        1589050280.8791504
    ],
    "/usr/lib/libz.so.1.2.11": [
        1589050277.099185,
        1589050280.8891504
    ],
    "/usr/lib/liblz4.so": [
        1589050277.0791852,
        1589050279.2758317
    ],
    "/usr/lib/libutil.so.1": [
        1589050277.085852,
        1589050280.8791504
    ],
    "/usr/lib/libzstd.so": [
        1589050277.0791852,
        1589050279.2758317
    ],
    "/usr/lib/liblzma.so.5.2.5": [
        1589050277.1591845,
        1589050280.9258168
    ],
    "/usr/lib/libattr.so.1": [
        1589050277.0791852,
        1589050280.875817
    ],
    "/usr/lib/libz.so": [
        1589050277.099185,
        1589050280.8891504
    ],
    "/usr/lib/libcrypto.so": [
        1589050277.0791852,
        1589050279.2758317
    ],
    "/usr/lib/libdl.so": [
        1589050277.085852,
        1589050280.8791504
    ],
    "/usr/lib/libexpat.so": [
        1589050277.0791852,
        1589050279.2758317
    ],
    "/usr/lib/libarchive.so.13.4.2": [
        1589050277.0791852,
        1589050279.2758317
    ],
    "/usr/lib/liblzma.so.5": [
        1589050277.1591845,
        1589050280.9258168
    ],
    "/usr/lib/liblzma.so": [
        1589050277.1591845,
        1589050280.9258168
    ],
    "/usr/lib/libcrypto.so.1.1": [
        1589050277.0791852,
        1589050279.2758317
    ],
    "/usr/lib/libattr.so": [
        1589050277.0791852,
        1589050280.875817
    ],
    "/usr/lib/libacl.so.1": [
        1589050277.0791852,
        1589050280.875817
    ],
    "/usr/lib/libpthread.so": [
        1589050277.085852,
        1589050280.8791504
    ],
    "/usr/lib/libbz2.so": [
        1589050277.1591845,
        1589050280.9224834
    ],
    "/usr/lib/libpthread.so.0": [
        1589050277.085852,
        1589050280.8791504
    ],
    "/usr/lib/libexpat.so.1.6.11": [
        1589050277.0791852,
        1589050279.2758317
    ],
    "/usr/lib/libexpat.so.1": [
        1589050277.0791852,
        1589050279.2758317
    ],
    "/usr/lib/libbz2.so.1.0": [
        1589050277.1591845,
        1589050280.9224834
    ],
    "/usr/lib/liblz4.so.1.9.2": [
        1589050277.0791852,
        1589050279.2758317
    ],
    "/usr/lib/libacl.so.1.1.2253": [
        1589050277.0791852,
        1589050280.875817
    ],
    "/usr/lib/libarchive.so": [
        1589050277.0791852,
        1589050279.2758317
    ],
    "/usr/lib/libzstd.so.1": [
        1589050277.0791852,
        1589050279.2758317
    ],
    "/usr/lib/libc-2.31.so": [
        1589050277.085852,
        1589050280.8791504
    ],
    "/usr/lib/libacl.so": [
        1589050277.0791852,
        1589050280.875817
    ],
    "/usr/lib/libc.so.6": [
        1589050277.085852,
        1589050280.8791504
    ],
    "/usr/lib/libm-2.31.so": [
        1589050277.085852,
        1589050280.8791504
    ],
    "/usr/lib/libz.so.1": [
        1589050277.099185,
        1589050280.8891504
    ],
    "/usr/lib/libm.so.6": [
        1589050277.085852,
        1589050280.8791504
    ],
    "/usr/lib/ld-2.31.so": [
        1589050277.085852,
        1589050280.8791504
    ],
    "/usr/lib/libcrypt.so": [
        1589050277.085852,
        1589050280.8791504
    ],
    "/usr/lib/gconv/gconv-modules": [
        1589050277.0891852,
        1589050280.8824837
    ],
    "/usr/lib/locale/locale-archive": [
        1589050277.085852,
        1589050280.8791504
    ],
    "/usr/share/zoneinfo/America/New_York": [
        1589050277.095852,
        1589050280.885817
    ],
    "/usr/share/locale/locale.alias": [
        1589050276.9858527,
        1589050279.2758317
    ],
    "/usr/bin/rm": [
        1589050277.0658522,
        1589050280.8791504
    ],
    "/usr/bin/tee": [
        1589050184.1333666,
        1589050279.2724984
    ],
    "/usr/bin/sed": [
        1589050275.8825295,
        1589050280.875817
    ],
    "/usr/bin/mktemp": [
        1589050275.6425319,
        1589050279.2691653
    ],
    "/usr/bin/bsdtar": [
        1589050277.0791852,
        1589050279.2758317
    ],
    "/usr/bin/cp": [
        1589050275.622532,
        1589050280.8724837
    ],
    "/usr/bin/gettext": [
        1589050276.9858527,
        1589050279.265832
    ],
    "/usr/bin/mkfifo": [
        1589050183.9933681,
        1589050279.2724984
    ],
    "/etc/mtab": [
        1589050278.992501,
        1589050282.8624656
    ],
    "/etc/localtime": [
        1589050277.095852,
        1589050280.885817
    ],
    "/etc/ld.so.cache": [
        1589050277.1591845,
        1589050280.9258168
    ]
}