{
    "/usr/lib/libbz2.so.1": [
        1589061459.900149,
        1589061516.5629528
    ],
    "/usr/lib/libncursesw.so.6.2": [
        1589061455.7368546,
        1589061515.77296
    ],
    "/usr/lib/libcrypt-2.31.so": [
        1589061459.8401496,
        1589061516.5062866
    ],
    "/usr/lib/libcrypt.so.1": [
        1589061459.8401496,
        1589061516.5062866
    ],
    "/usr/lib/libmpc.so.3.1.0": [
        1589061393.9874303,
        1589061477.073322
    ],
    "/usr/lib/libpcre.so.1": [
        1589061459.8268163,
        1589061477.0899885
    ],
    "/usr/lib/libffi.so.7": [
        1589061394.8007562,
        1589061515.506296
    ],
    "/usr/lib/libutil.so": [
        1589061459.8401496,
        1589061516.5062866
    ],
    "/usr/lib/libutil-2.31.so": [
        1589061459.8401496,
        1589061516.5062866
    ],
    "/usr/lib/libdl-2.31.so": [
        1589061459.8401496,
        1589061516.5062866
    ],
    "/usr/lib/libreadline.so.8": [
        1589061455.6101892,
        1589061515.77296
    ],
    "/usr/lib/ld-linux-x86-64.so.2": [
        1589061459.8401496,
        1589061516.5062866
    ],
    "/usr/lib/libdl.so.2": [
        1589061459.8401496,
        1589061516.5062866
    ],
    "/usr/lib/libgc.so.1.4.3": [
        1589059152.9750416,
        1589061473.2066915
    ],
    "/usr/lib/libmpfr.so.6.0.2": [
        1589061393.9874303,
        1589061477.073322
    ],
    "/usr/lib/libunistring.so.2.1.0": [
        1589061455.4435241,
        1589061473.2066915
    ],
    "/usr/lib/libmpc.so.3": [
        1589061393.9874303,
        1589061477.073322
    ],
    "/usr/lib/libguile-2.2.so.1": [
        1589059152.9750416,
        1589061473.2066915
    ],
    "/usr/lib/libbz2.so.1.0.8": [
        1589061459.900149,
        1589061516.5629528
    ],
    "/usr/lib/libattr.so.1.1.2448": [
        1589061455.6001892,
        1589061516.5029533
    ],
    "/usr/lib/libffi.so.7.1.0": [
        1589061394.8007562,
        1589061515.506296
    ],
    "/usr/lib/libpthread-2.31.so": [
        1589061459.8401496,
        1589061516.5062866
    ],
    "/usr/lib/libguile-2.2.so.1.4.1": [
        1589059152.9750416,
        1589061473.2066915
    ],
    "/usr/lib/libz.so.1.2.11": [
        1589061459.8501496,
        1589061516.5162864
    ],
    "/usr/lib/libtic.so.6": [
        1589061455.7368546,
        1589061515.77296
    ],
    "/usr/lib/libutil.so.1": [
        1589061459.8401496,
        1589061516.5062866
    ],
    "/usr/lib/liblzma.so.5.2.5": [
        1589061459.900149,
        1589061516.5629528
    ],
    "/usr/lib/libguile-2.2.so": [
        1589059152.9750416,
        1589061473.2066915
    ],
    "/usr/lib/libattr.so.1": [
        1589061455.6001892,
        1589061516.5029533
    ],
    "/usr/lib/libgc.so": [
        1589059152.9750416,
        1589061473.2066915
    ],
    "/usr/lib/librt.so.1": [
        1589061394.8007562,
        1589061515.506296
    ],
    "/usr/lib/libz.so": [
        1589061459.8501496,
        1589061516.5162864
    ],
    "/usr/lib/libdl.so": [
        1589061459.8401496,
        1589061516.5062866
    ],
    "/usr/lib/libpcre.so.1.2.12": [
        1589061459.8268163,
        1589061477.0899885
    ],
    "/usr/lib/liblzma.so.5": [
        1589061459.900149,
        1589061516.5629528
    ],
    "/usr/lib/libltdl.so.7": [
        1589059152.978375,
        1589061473.2066915
    ],
    "/usr/lib/liblzma.so": [
        1589061459.900149,
        1589061516.5629528
    ],
    "/usr/lib/libltdl.so": [
        1589059152.978375,
        1589061473.2066915
    ],
    "/usr/lib/libmpfr.so.6": [
        1589061393.9874303,
        1589061477.073322
    ],
    "/usr/lib/librt.so": [
        1589061394.8007562,
        1589061515.506296
    ],
    "/usr/lib/libattr.so": [
        1589061455.6001892,
        1589061516.5029533
    ],
    "/usr/lib/libacl.so.1": [
        1589061455.6001892,
        1589061516.5029533
    ],
    "/usr/lib/libtinfo.so.6": [
        1589061455.7368546,
        1589061515.77296
    ],
    "/usr/lib/libpthread.so": [
        1589061459.8401496,
        1589061516.5062866
    ],
    "/usr/lib/libbz2.so": [
        1589061459.900149,
        1589061516.5629528
    ],
    "/usr/lib/libpthread.so.0": [
        1589061459.8401496,
        1589061516.5062866
    ],
    "/usr/lib/libgmp.so.10": [
        1589061394.8007562,
        1589061515.506296
    ],
    "/usr/lib/libgc.so.1": [
        1589059152.9750416,
        1589061473.2066915
    ],
    "/usr/lib/libbz2.so.1.0": [
        1589061459.900149,
        1589061516.5629528
    ],
    "/usr/lib/librt-2.31.so": [
        1589061394.8007562,
        1589061515.506296
    ],
    "/usr/lib/libltdl.so.7.3.1": [
        1589059152.978375,
        1589061473.2066915
    ],
    "/usr/lib/libpcre.so": [
        1589061459.8268163,
        1589061477.0899885
    ],
    "/usr/lib/libncursesw.so": [
        1589061455.7368546,
        1589061515.77296
    ],
    "/usr/lib/libreadline.so": [
        1589061455.6101892,
        1589061515.77296
    ],
    "/usr/lib/libunistring.so.2": [
        1589061455.4435241,
        1589061473.2066915
    ],
    "/usr/lib/libgmp.so.10.4.0": [
        1589061394.8007562,
        1589061515.506296
    ],
    "/usr/lib/libmpc.so": [
        1589061393.9874303,
        1589061477.073322
    ],
    "/usr/lib/libacl.so.1.1.2253": [
        1589061455.6001892,
        1589061516.5029533
    ],
    "/usr/lib/libunistring.so": [
        1589061455.4435241,
        1589061473.2066915
    ],
    "/usr/lib/libc-2.31.so": [
        1589061459.8401496,
        1589061516.5062866
    ],
    "/usr/lib/libacl.so": [
        1589061455.6001892,
        1589061516.5029533
    ],
    "/usr/lib/libffi.so": [
        1589061394.8007562,
        1589061515.506296
    ],
    "/usr/lib/libc.so.6": [
        1589061459.8401496,
        1589061516.5062866
    ],
    "/usr/lib/libm-2.31.so": [
        1589061459.8401496,
        1589061516.5062866
    ],
    "/usr/lib/libz.so.1": [
        1589061459.8501496,
        1589061516.5162864
    ],
    "/usr/lib/libm.so.6": [
        1589061459.8401496,
        1589061516.5062866
    ],
    "/usr/lib/libncursesw.so.6": [
        1589061455.7368546,
        1589061515.77296
    ],
    "/usr/lib/libmpfr.so": [
        1589061393.9874303,
        1589061477.073322
    ],
    "/usr/lib/ld-2.31.so": [
        1589061459.8401496,
        1589061516.5062866
    ],
    "/usr/lib/libreadline.so.8.0": [
        1589061455.6101892,
        1589061515.77296
    ],
    "/usr/lib/libgmp.so": [
        1589061394.8007562,
        1589061515.506296
    ],
    "/usr/lib/libcrypt.so": [
        1589061459.8401496,
        1589061516.5062866
    ],
    "/usr/lib/gconv/gconv-modules": [
        1589061459.843483,
        1589061516.5096197
    ],
    "/usr/lib/locale/locale-archive": [
        1589061459.843483,
        1589061516.5062866
    ],
    "/usr/lib/gcc/x86_64-pc-linux-gnu/9.3.0/cc1": [
        1589061393.9874303,
        1589061477.073322
    ],
    "/usr/lib/libfakeroot/libfakeroot-0.so": [
        1589061459.8401496,
        1589061516.5062866
    ],
    "/usr/lib/libfakeroot/libfakeroot.so": [
        1589061459.8401496,
        1589061516.5062866
    ],
    "/usr/share/zoneinfo/America/New_York": [
        1589061459.8468163,
        1589061516.5162864
    ],
    "/usr/share/locale/locale.alias": [
        1589061459.8368163,
        1589061516.5062866
    ],
    "/usr/include/stdc-predef.h": [
        1589061393.994097,
        1589061477.0799885
    ],
    "/usr/bin/basename": [
        1589053125.3478818,
        1589061480.4199574
    ],
    "/usr/bin/rm": [
        1589061397.0874014,
        1589061516.5029533
    ],
    "/usr/bin/tee": [
        1589050286.9324281,
        1589061470.0933871
    ],
    "/usr/bin/mv": [
        1589053187.3240402,
        1589061479.7132974
    ],
    "/usr/bin/cat": [
        1589061259.2520137,
        1589061476.9799895
    ],