{
    "/usr/lib/libbz2.so.1": [
        1588634750.9551127,
        1588634752.0851018
    ],
    "/usr/lib/libcrypt-2.31.so": [
        1588634750.8951132,
        1588634752.031769
    ],
    "/usr/lib/libcrypt.so.1": [
        1588634750.8951132,
        1588634752.031769
    ],
    "/usr/lib/libutil.so": [
        1588634750.8951132,
        1588634752.0351024
    ],
    "/usr/lib/libutil-2.31.so": [
        1588634750.8951132,
        1588634752.0351024
    ],
    "/usr/lib/libdl-2.31.so": [
        1588634750.8951132,
        1588634752.0351024
    ],
    "/usr/lib/ld-linux-x86-64.so.2": [
        1588634750.8951132,
        1588634752.031769
    ],
    "/usr/lib/libdl.so.2": [
        1588634750.8951132,
        1588634752.0351024
    ],
    "/usr/lib/libbz2.so.1.0.8": [
        1588634750.9551127,
        1588634752.0851018
    ],
    "/usr/lib/libattr.so.1.1.2448": [
        1588634750.89178,
        1588634752.0284357
    ],
    "/usr/lib/libpthread-2.31.so": [
        1588634750.8951132,
        1588634752.0351024
    ],
    "/usr/lib/libz.so.1.2.11": [
        1588634750.915113,
        1588634752.0417688
    ],
    "/usr/lib/libutil.so.1": [
        1588634750.8951132,
        1588634752.0351024
    ],
    "/usr/lib/liblzma.so.5.2.5": [
        1588634750.9551127,
        1588634752.0851018
    ],
    "/usr/lib/libattr.so.1": [
        1588634750.89178,
        1588634752.0284357
    ],
    "/usr/lib/libz.so": [
        1588634750.915113,
        1588634752.0417688
    ],
    "/usr/lib/libdl.so": [
        1588634750.8951132,
        1588634752.0351024
    ],
    "/usr/lib/liblzma.so.5": [
        1588634750.9551127,
        1588634752.0851018
    ],
    "/usr/lib/liblzma.so": [
        1588634750.9551127,
        1588634752.0851018
    ],
    "/usr/lib/libattr.so": [
        1588634750.89178,
        1588634752.0284357
    ],
    "/usr/lib/libpthread.so": [
        1588634750.8951132,
        1588634752.0351024
    ],
    "/usr/lib/libbz2.so": [
        1588634750.9551127,
        1588634752.0851018
    ],
    "/usr/lib/libpthread.so.0": [
        1588634750.8951132,
        1588634752.0351024
    ],
    "/usr/lib/libbz2.so.1.0": [
        1588634750.9551127,
        1588634752.0851018
    ],
    "/usr/lib/libc-2.31.so": [
        1588634750.8951132,
        1588634752.0351024
    ],
    "/usr/lib/libc.so.6": [
        1588634750.8951132,
        1588634752.0351024
    ],
    "/usr/lib/libm-2.31.so": [
        1588634750.8951132,
        1588634752.0351024
    ],
    "/usr/lib/libz.so.1": [
        1588634750.915113,
        1588634752.0417688
    ],
    "/usr/lib/libm.so.6": [
        1588634750.8951132,
        1588634752.0351024
    ],
    "/usr/lib/ld-2.31.so": [
        1588634750.8951132,
        1588634752.031769
    ],
    "/usr/lib/libcrypt.so": [
        1588634750.8951132,
        1588634752.031769
    ],
    "/usr/lib/gconv/gconv-modules": [
        1588634750.8984466,
        1588634752.0351024
    ],
    "/usr/lib/locale/locale-archive": [
        1588634750.8984466,
        1588634752.0351024
    ],
    "/usr/share/zoneinfo/America/New_York": [
        1588634750.9117799,
        1588634752.0417688
    ],
    "/usr/share/locale/locale.alias": [
        1588634749.7717907,
        1588634752.0284357
    ],
    "/usr/bin/rm": [
        1588634750.8784468,
        1588634752.031769
    ],
    "/usr/bin/tee": [
        1588634733.311949,
        1588634752.0284357
    ],
    "/usr/bin/mktemp": [
        1588634733.1852837,
        1588634752.0251024
    ],
    "/usr/bin/patch": [
        1588634733.2152834,
        1588634752.0284357
    ],
    "/usr/bin/gettext": [
        1588634749.7684574,
        1588634752.021769
    ],
    "/usr/bin/mkfifo": [
        1588634733.1819503,
        1588634752.0251024
    ],
    "/etc/mtab": [
        1588634751.821771,
        1588634752.915094
    ],
    "/etc/localtime": [
        1588634750.9117799,
        1588634752.0417688
    ],
    "/etc/ld.so.cache": [
        1588634750.9551127,
        1588634752.0851018
    ]
}