{
    "/usr/lib/libbz2.so.1": [
        1589082674.7051642,
        1589082675.9151525
    ],
    "/usr/lib/libncursesw.so.6.2": [
        1589082663.901935,
        1589082675.8618197
    ],
    "/usr/lib/libcrypt-2.31.so": [
        1589082674.6618311,
        1589082675.8684862
    ],
    "/usr/lib/libcrypt.so.1": [
        1589082674.6618311,
        1589082675.8684862
    ],
    "/usr/lib/libpcre.so.1": [
        1589082653.2153716,
        1589082675.8151534
    ],
    "/usr/lib/libffi.so.7": [
        1589082663.891935,
        1589082675.855153
    ],
    "/usr/lib/libutil.so": [
        1589082674.6618311,
        1589082675.8684862
    ],
    "/usr/lib/libutil-2.31.so": [
        1589082674.6618311,
        1589082675.8684862
    ],
    "/usr/lib/libdl-2.31.so": [
        1589082674.6618311,
        1589082675.8684862
    ],
    "/usr/lib/libreadline.so.8": [
        1589082663.901935,
        1589082675.8618197
    ],
    "/usr/lib/ld-linux-x86-64.so.2": [
        1589082674.6618311,
        1589082675.8684862
    ],
    "/usr/lib/libdl.so.2": [
        1589082674.6618311,
        1589082675.8684862
    ],
    "/usr/lib/libgc.so.1.4.3": [
        1589082663.891935,
        1589082675.855153
    ],
    "/usr/lib/libmpfr.so.6.0.2": [
        1589082663.5386052,
        1589082675.8284867
    ],
    "/usr/lib/libunistring.so.2.1.0": [
        1589082674.5618322,
        1589082675.855153
    ],
    "/usr/lib/libguile-2.2.so.1": [
        1589082663.891935,
        1589082675.855153
    ],
    "/usr/lib/libbz2.so.1.0.8": [
        1589082674.7051642,
        1589082675.9151525
    ],
    "/usr/lib/libattr.so.1.1.2448": [
        1589082674.5618322,
        1589082675.83182
    ],
    "/usr/lib/libffi.so.7.1.0": [
        1589082663.891935,
        1589082675.855153
    ],
    "/usr/lib/libpthread-2.31.so": [
        1589082674.6618311,
        1589082675.8684862
    ],
    "/usr/lib/libguile-2.2.so.1.4.1": [
        1589082663.891935,
        1589082675.855153
    ],
    "/usr/lib/libz.so.1.2.11": [
        1589082674.6718311,
        1589082675.8784862
    ],
    "/usr/lib/libtic.so.6": [
        1589082663.901935,
        1589082675.8618197
    ],
    "/usr/lib/libutil.so.1": [
        1589082674.6618311,
        1589082675.8684862
    ],
    "/usr/lib/liblzma.so.5.2.5": [
        1589082674.7051642,
        1589082675.9151525
    ],
    "/usr/lib/libguile-2.2.so": [
        1589082663.891935,
        1589082675.855153
    ],
    "/usr/lib/libattr.so.1": [
        1589082674.5618322,
        1589082675.83182
    ],
    "/usr/lib/libgc.so": [
        1589082663.891935,
        1589082675.855153
    ],
    "/usr/lib/libz.so": [
        1589082674.6718311,
        1589082675.8784862
    ],
    "/usr/lib/libdl.so": [
        1589082674.6618311,
        1589082675.8684862
    ],
    "/usr/lib/libpcre.so.1.2.12": [
        1589082653.2153716,
        1589082675.8151534
    ],
    "/usr/lib/liblzma.so.5": [
        1589082674.7051642,
        1589082675.9151525
    ],
    "/usr/lib/libltdl.so.7": [
        1589082663.891935,
        1589082675.855153
    ],
    "/usr/lib/liblzma.so": [
        1589082674.7051642,
        1589082675.9151525
    ],
    "/usr/lib/libltdl.so": [
        1589082663.891935,
        1589082675.855153
    ],
    "/usr/lib/libmpfr.so.6": [
        1589082663.5386052,
        1589082675.8284867
    ],
    "/usr/lib/libattr.so": [
        1589082674.5618322,
        1589082675.83182
    ],
    "/usr/lib/libacl.so.1": [
        1589082674.5584989,
        1589082675.83182
    ],
    "/usr/lib/libtinfo.so.6": [
        1589082663.901935,
        1589082675.8618197
    ],
    "/usr/lib/libpthread.so": [
        1589082674.6618311,
        1589082675.8684862
    ],
    "/usr/lib/libbz2.so": [
        1589082674.7051642,
        1589082675.9151525
    ],
    "/usr/lib/libpthread.so.0": [
        1589082674.6618311,
        1589082675.8684862
    ],
    "/usr/lib/libgmp.so.10": [
        1589082663.891935,
        1589082675.855153
    ],
    "/usr/lib/libgc.so.1": [
        1589082663.891935,
        1589082675.855153
    ],
    "/usr/lib/libbz2.so.1.0": [
        1589082674.7051642,
        1589082675.9151525
    ],
    "/usr/lib/libltdl.so.7.3.1": [
        1589082663.891935,
        1589082675.855153
    ],
    "/usr/lib/libpcre.so": [
        1589082653.2153716,
        1589082675.8151534
    ],
    "/usr/lib/libncursesw.so": [
        1589082663.901935,
        1589082675.8618197
    ],
    "/usr/lib/libreadline.so": [
        1589082663.901935,
        1589082675.8618197
    ],
    "/usr/lib/libunistring.so.2": [
        1589082674.5618322,
        1589082675.855153
    ],
    "/usr/lib/libgmp.so.10.4.0": [
        1589082663.891935,
        1589082675.855153
    ],
    "/usr/lib/libacl.so.1.1.2253": [
        1589082674.5584989,
        1589082675.83182
    ],
    "/usr/lib/libunistring.so": [
        1589082674.5618322,
        1589082675.855153
    ],
    "/usr/lib/libc-2.31.so": [
        1589082674.6618311,
        1589082675.8684862
    ],
    "/usr/lib/libacl.so": [
        1589082674.5584989,
        1589082675.83182
    ],
    "/usr/lib/libffi.so": [
        1589082663.891935,
        1589082675.855153
    ],
    "/usr/lib/libc.so.6": [
        1589082674.6618311,
        1589082675.8684862
    ],
    "/usr/lib/libm-2.31.so": [
        1589082674.6618311,
        1589082675.8684862
    ],
    "/usr/lib/libz.so.1": [
        1589082674.6718311,
        1589082675.8784862
    ],
    "/usr/lib/libm.so.6": [
        1589082674.6618311,
        1589082675.8684862
    ],
    "/usr/lib/libncursesw.so.6": [
        1589082663.901935,
        1589082675.8618197
    ],
    "/usr/lib/libmpfr.so": [
        1589082663.5386052,
        1589082675.8284867
    ],
    "/usr/lib/ld-2.31.so": [
        1589082674.6618311,
        1589082675.8684862
    ],
    "/usr/lib/libreadline.so.8.0": [
        1589082663.901935,
        1589082675.8618197
    ],
    "/usr/lib/libgmp.so": [
        1589082663.891935,
        1589082675.855153
    ],
    "/usr/lib/libcrypt.so": [
        1589082674.6618311,
        1589082675.8684862
    ],
    "/usr/lib/gconv/gconv-modules": [
        1589082674.6651645,
        1589082675.8718195
    ],
    "/usr/lib/locale/locale-archive": [
        1589082674.6618311,
        1589082675.8684862
    ],
    "/usr/share/zoneinfo/America/New_York": [
        1589082674.6684978,
        1589082675.8751528
    ],
    "/usr/share/locale/locale.alias": [
        1589082674.5651655,
        1589082675.8584864
    ],
    "/usr/bin/rm": [
        1589082663.9052684,
        1589082675.8684862
    ],
    "/usr/bin/tee": [
        1589082630.8055878,
        1589082675.4518237
    ],
    "/usr/bin/awk": [
        1589082653.5487018,
        1589082675.8284867
    ],
    "/usr/bin/mv": [
        1589082663.8719354,
        1589082675.83182
    ],
    "/usr/bin/sh": [
        1589082663.901935,
        1589082675.8618197
    ],
    "/usr/bin/sed": [
        1589082663.8852687,
        1589082675.82182
    ],
    "/usr/bin/wc": [
        1589082618.3523746,
        1589082675.8151534
    ],
    "/usr/bin/mktemp": [
        1589082653.5387018,
        1589082675.445157
    ],
    "/usr/bin/gettext": [
        1589082630.7989213,
        1589082675.4418237
    ],
    "/usr/bin/mkfifo": [
        1589082630.8022544,
        1589082675.4484904
    ],
    "/usr/bin/bash": [
        1589082663.901935,
        1589082675.8618197
    ],
    "/usr/bin/gawk": [
        1589082653.5487018,
        1589082675.8284867
    ],
    "/usr/bin/expr": [
        1589082653.318704,
        1589082675.82182
    ],
    "/usr/bin/grep": [
        1589082653.2153716,
        1589082675.8151534
    ],
    "/usr/bin/make": [
        1589082663.891935,
        1589082675.855153
    ],
    "/etc/mtab": [
        1589082675.311825,
        1589082676.50848
    ],
    "/etc/localtime": [
        1589082674.6684978,
        1589082675.8751528
    ],