{
    "/usr/lib/libbz2.so.1": [
        1589074804.4818347,
        1589074821.8383403
    ],
    "/usr/lib/libnsl.so.2": [
        1589074726.252566,
        1589074809.7184527
    ],
    "/usr/lib/libcap.so.2.33": [
        1589074718.5159724,
        1589074814.635074
    ],
    "/usr/lib/libncursesw.so.6.2": [
        1589074762.052228,
        1589074821.581676
    ],
    "/usr/lib/libcrypt-2.31.so": [
        1589074804.4151685,
        1589074821.7816741
    ],
    "/usr/lib/libcrypt.so.1": [
        1589074804.4151685,
        1589074821.7816741
    ],
    "/usr/lib/libpng16.so.16.37.0": [
        1589074726.2658992,
        1589074809.7284527
    ],
    "/usr/lib/libcom_err.so.2.1": [
        1589074762.0555613,
        1589074809.7184527
    ],
    "/usr/lib/libkrb5.so.3.3": [
        1589074762.0555613,
        1589074809.7184527
    ],
    "/usr/lib/libsqlite3.so": [
        1589074726.252566,
        1589074809.7151194
    ],
    "/usr/lib/libpanelw.so.6": [
        1589074726.2458994,
        1589074809.711786
    ],
    "/usr/lib/libcom_err.so.2": [
        1589074762.0555613,
        1589074809.7184527
    ],
    "/usr/lib/libglib-2.0.so.0": [
        1589074726.2658992,
        1589074809.7284527
    ],
    "/usr/lib/libxcb.so.1.1.0": [
        1589074726.2658992,
        1589074809.7284527
    ],
    "/usr/lib/libpcre.so.1": [
        1589074761.4689002,
        1589074809.7284527
    ],
    "/usr/lib/libXext.so.6.4.0": [
        1589074726.2658992,
        1589074809.7284527
    ],
    "/usr/lib/libresolv-2.31.so": [
        1589074762.0555613,
        1589074809.7184527
    ],
    "/usr/lib/libuuid.so.1": [
        1589074726.2692325,
        1589074809.731786
    ],
    "/usr/lib/libffi.so.7": [
        1589074726.2692325,
        1589074809.731786
    ],
    "/usr/lib/libutil.so": [
        1589074804.4151685,
        1589074821.7816741
    ],
    "/usr/lib/libpanelw.so.6.2": [
        1589074726.2458994,
        1589074809.711786
    ],
    "/usr/lib/libcap.so": [
        1589074718.5159724,
        1589074814.635074
    ],
    "/usr/lib/libXft.so": [
        1589074726.2658992,
        1589074809.7284527
    ],
    "/usr/lib/libharfbuzz.so.0": [
        1589074726.2658992,
        1589074809.7284527
    ],
    "/usr/lib/libutil-2.31.so": [
        1589074804.4151685,
        1589074821.7816741
    ],
    "/usr/lib/libdl-2.31.so": [
        1589074804.4151685,
        1589074821.7816741
    ],
    "/usr/lib/libreadline.so.8": [
        1589074762.052228,
        1589074821.581676
    ],
    "/usr/lib/libkeyutils.so.1": [
        1589074762.0555613,
        1589074809.7184527
    ],
    "/usr/lib/libXrender.so.1.3.0": [
        1589074726.2658992,
        1589074809.7284527
    ],
    "/usr/lib/ld-linux-x86-64.so.2": [
        1589074804.4118352,
        1589074821.7783408
    ],
    "/usr/lib/libdl.so.2": [
        1589074804.4151685,
        1589074821.7816741
    ],
    "/usr/lib/libgc.so.1.4.3": [
        1589074581.7239308,
        1589074809.4517884
    ],
    "/usr/lib/libpng.so": [
        1589074726.2658992,
        1589074809.7284527
    ],
    "/usr/lib/libX11.so": [
        1589074726.2658992,
        1589074809.7284527
    ],
    "/usr/lib/libgcc_s.so.1": [
        1589074725.3992407,
        1589074821.481677
    ],
    "/usr/lib/libXau.so.6": [
        1589074726.2658992,
        1589074809.7284527
    ],
    "/usr/lib/libgssapi_krb5.so": [
        1589074762.0555613,
        1589074809.7184527
    ],
    "/usr/lib/libtk8.6.so": [
        1589074726.2658992,
        1589074809.7284527
    ],
    "/usr/lib/libpanelw.so": [
        1589074726.2458994,
        1589074809.711786
    ],
    "/usr/lib/libgssapi_krb5.so.2": [
        1589074762.0555613,
        1589074809.7184527
    ],
    "/usr/lib/libgdbm.so": [
        1589074726.2492328,
        1589074809.7151194
    ],
    "/usr/lib/libfontconfig.so.1": [
        1589074726.2658992,
        1589074809.7284527
    ],
    "/usr/lib/libgraphite2.so.3.2.1": [
        1589074726.2658992,
        1589074809.7284527
    ],
    "/usr/lib/libharfbuzz.so": [
        1589074726.2658992,
        1589074809.7284527
    ],
    "/usr/lib/libunistring.so.2.1.0": [
        1589074762.0555613,
        1589074809.4517884
    ],
    "/usr/lib/libXdmcp.so": [
        1589074726.2658992,
        1589074809.7284527
    ],
    "/usr/lib/libtk.so": [
        1589074726.2658992,
        1589074809.7284527
    ],
    "/usr/lib/libuuid.so.1.3.0": [
        1589074726.2692325,
        1589074809.731786
    ],
    "/usr/lib/libkrb5.so": [
        1589074762.0555613,
        1589074809.7184527
    ],
    "/usr/lib/libguile-2.2.so.1": [
        1589074581.7239308,
        1589074809.4517884
    ],
    "/usr/lib/libgdbm.so.6": [
        1589074726.2492328,
        1589074809.7151194
    ],
    "/usr/lib/libfreetype.so.6.17.1": [
        1589074726.2658992,
        1589074809.7284527
    ],
    "/usr/lib/libresolv.so": [
        1589074762.0555613,
        1589074809.7184527
    ],
    "/usr/lib/libk5crypto.so.3.1": [
        1589074762.0555613,
        1589074809.7184527
    ],
    "/usr/lib/libtirpc.so": [
        1589074726.252566,
        1589074809.7184527
    ],
    "/usr/lib/libbz2.so.1.0.8": [
        1589074804.4818347,
        1589074821.8383403
    ],
    "/usr/lib/libattr.so.1.1.2448": [
        1589074763.0955515,
        1589074814.6617403
    ],
    "/usr/lib/libffi.so.7.1.0": [
        1589074726.2692325,
        1589074809.731786
    ],
    "/usr/lib/libXau.so.6.0.0": [
        1589074726.2658992,
        1589074809.7284527
    ],
    "/usr/lib/libpthread-2.31.so": [
        1589074804.4151685,
        1589074821.7816741
    ],
    "/usr/lib/libguile-2.2.so.1.4.1": [
        1589074581.7239308,
        1589074809.4517884
    ],
    "/usr/lib/libz.so.1.2.11": [
        1589074804.4285018,
        1589074821.7916741
    ],
    "/usr/lib/libk5crypto.so.3": [
        1589074762.0555613,
        1589074809.7184527
    ],
    "/usr/lib/libtirpc.so.3": [
        1589074726.252566,
        1589074809.7184527
    ],
    "/usr/lib/libgraphite2.so": [
        1589074726.2658992,
        1589074809.7284527
    ],
    "/usr/lib/libtic.so.6": [
        1589074762.052228,
        1589074821.581676
    ],
    "/usr/lib/libX11.so.6": [
        1589074726.2658992,
        1589074809.7284527
    ],
    "/usr/lib/libutil.so.1": [
        1589074804.4151685,
        1589074821.7816741
    ],
    "/usr/lib/liblzma.so.5.2.5": [
        1589074804.485168,
        1589074821.8383403
    ],
    "/usr/lib/libgdbm_compat.so.4.0.0": [
        1589074726.2492328,
        1589074809.7151194
    ],
    "/usr/lib/libuuid.so": [
        1589074726.2692325,
        1589074809.731786
    ],
    "/usr/lib/libxcb.so.1": [
        1589074726.2658992,
        1589074809.7284527
    ],
    "/usr/lib/libguile-2.2.so": [
        1589074581.7239308,
        1589074809.4517884
    ],
    "/usr/lib/libattr.so.1": [
        1589074763.0955515,
        1589074814.6617403
    ],
    "/usr/lib/libXrender.so.1": [
        1589074726.2658992,
        1589074809.7284527
    ],
    "/usr/lib/libgc.so": [
        1589074581.7239308,
        1589074809.4517884
    ],
    "/usr/lib/libkeyutils.so.1.9": [
        1589074762.0555613,
        1589074809.7184527
    ],
    "/usr/lib/librt.so.1": [
        1589074726.262566,
        1589074809.7284527
    ],
    "/usr/lib/libz.so": [
        1589074804.4285018,
        1589074821.7916741
    ],
    "/usr/lib/libfreetype.so.6": [
        1589074726.2658992,
        1589074809.7284527
    ],
    "/usr/lib/libcrypto.so": [
        1589074763.0955515,
        1589074809.6817863
    ],
    "/usr/lib/libdl.so": [
        1589074804.4151685,
        1589074821.7816741
    ],
    "/usr/lib/libgdbm_compat.so.4": [
        1589074726.2492328,
        1589074809.7151194
    ],
    "/usr/lib/libtcl.so": [
        1589074726.2658992,
        1589074809.7284527
    ],