{
    "/usr/lib/libbz2.so.1": [
        1589044111.2357836,
        1589044112.2958262
    ],
    "/usr/lib/libcrypt-2.31.so": [
        1589044111.189115,
        1589044112.2491577
    ],
    "/usr/lib/libcrypt.so.1": [
        1589044111.189115,
        1589044112.2491577
    ],
    "/usr/lib/libutil.so": [
        1589044111.189115,
        1589044112.2491577
    ],
    "/usr/lib/libutil-2.31.so": [
        1589044111.189115,
        1589044112.2491577
    ],
    "/usr/lib/libdl-2.31.so": [
        1589044111.189115,
        1589044112.2491577
    ],
    "/usr/lib/ld-linux-x86-64.so.2": [
        1589044111.189115,
        1589044112.2491577
    ],
    "/usr/lib/libdl.so.2": [
        1589044111.189115,
        1589044112.2491577
    ],
    "/usr/lib/libbz2.so.1.0.8": [
        1589044111.2357836,
        1589044112.2958262
    ],
    "/usr/lib/libattr.so.1.1.2448": [
        1589044111.1557803,
        1589044112.2424908
    ],
    "/usr/lib/libpthread-2.31.so": [
        1589044111.189115,
        1589044112.2491577
    ],
    "/usr/lib/libz.so.1.2.11": [
        1589044111.1991153,
        1589044112.259158
    ],
    "/usr/lib/libutil.so.1": [
        1589044111.189115,
        1589044112.2491577
    ],
    "/usr/lib/liblzma.so.5.2.5": [
        1589044111.2357836,
        1589044112.2958262
    ],
    "/usr/lib/libattr.so.1": [
        1589044111.1557803,
        1589044112.2424908
    ],
    "/usr/lib/libz.so": [
        1589044111.1991153,
        1589044112.259158
    ],
    "/usr/lib/libdl.so": [
        1589044111.189115,
        1589044112.2491577
    ],
    "/usr/lib/liblzma.so.5": [
        1589044111.2357836,
        1589044112.2958262
    ],
    "/usr/lib/liblzma.so": [
        1589044111.2357836,
        1589044112.2958262
    ],
    "/usr/lib/libattr.so": [
        1589044111.1557803,
        1589044112.2424908
    ],
    "/usr/lib/libacl.so.1": [
        1589044111.1524467,
        1589044112.2424908
    ],
    "/usr/lib/libpthread.so": [
        1589044111.189115,
        1589044112.2491577
    ],
    "/usr/lib/libbz2.so": [
        1589044111.2357836,
        1589044112.2958262
    ],
    "/usr/lib/libpthread.so.0": [
        1589044111.189115,
        1589044112.2491577
    ],
    "/usr/lib/libbz2.so.1.0": [
        1589044111.2357836,
        1589044112.2958262
    ],
    "/usr/lib/libacl.so.1.1.2253": [
        1589044111.1524467,
        1589044112.2424908
    ],
    "/usr/lib/libc-2.31.so": [
        1589044111.189115,
        1589044112.2491577
    ],
    "/usr/lib/libacl.so": [
        1589044111.1524467,
        1589044112.2424908
    ],
    "/usr/lib/libc.so.6": [
        1589044111.189115,
        1589044112.2491577
    ],
    "/usr/lib/libm-2.31.so": [
        1589044111.189115,
        1589044112.2491577
    ],
    "/usr/lib/libz.so.1": [
        1589044111.1991153,
        1589044112.259158
    ],
    "/usr/lib/libm.so.6": [
        1589044111.189115,
        1589044112.2491577
    ],
    "/usr/lib/ld-2.31.so": [
        1589044111.189115,
        1589044112.2491577
    ],
    "/usr/lib/libcrypt.so": [
        1589044111.189115,
        1589044112.2491577
    ],
    "/usr/lib/gconv/gconv-modules": [
        1589044111.1924484,
        1589044112.252491
    ],
    "/usr/lib/locale/locale-archive": [
        1589044111.1924484,
        1589044112.2491577
    ],
    "/usr/share/zoneinfo/America/New_York": [
        1589044111.195782,
        1589044112.2558246
    ],
    "/usr/share/locale/locale.alias": [
        1589044111.1524467,
        1589044112.1091523
    ],
    "/usr/bin/rm": [
        1589044111.1291125,
        1589044112.2491577
    ],
    "/usr/bin/tee": [
        1589044093.0754008,
        1589044112.1091523
    ],
    "/usr/bin/sed": [
        1589044093.0087342,
        1589044112.2424908
    ],
    "/usr/bin/mktemp": [
        1589044092.9420674,
        1589044112.1058187
    ],
    "/usr/bin/gettext": [
        1589044111.1524467,
        1589044112.1024854
    ],
    "/usr/bin/mkfifo": [
        1589044092.938734,
        1589044112.1058187
    ],
    "/usr/bin/find": [
        1589044092.8087342,
        1589044112.1891553
    ],
    "/etc/mtab": [
        1589044111.9524794,
        1589044113.0358543
    ],
    "/etc/localtime": [
        1589044111.195782,
        1589044112.2558246
    ],
    "/etc/ld.so.cache": [
        1589044111.2357836,
        1589044112.2958262
    ]
}