{
    "/usr/lib/libbz2.so.1": [
        1589044592.59017,
        1589044593.5235195
    ],
    "/usr/lib/libcrypt-2.31.so": [
        1589044592.5435023,
        1589044593.4735186
    ],
    "/usr/lib/libcrypt.so.1": [
        1589044592.5435023,
        1589044593.4735186
    ],
    "/usr/lib/libutil.so": [
        1589044592.5435023,
        1589044593.4735186
    ],
    "/usr/lib/libutil-2.31.so": [
        1589044592.5435023,
        1589044593.4735186
    ],
    "/usr/lib/libdl-2.31.so": [
        1589044592.5435023,
        1589044593.4735186
    ],
    "/usr/lib/ld-linux-x86-64.so.2": [
        1589044592.5435023,
        1589044593.4735186
    ],
    "/usr/lib/libdl.so.2": [
        1589044592.5435023,
        1589044593.4735186
    ],
    "/usr/lib/libbz2.so.1.0.8": [
        1589044592.59017,
        1589044593.5235195
    ],
    "/usr/lib/libattr.so.1.1.2448": [
        1589044592.533502,
        1589044593.4701853
    ],
    "/usr/lib/libpthread-2.31.so": [
        1589044592.5435023,
        1589044593.4735186
    ],
    "/usr/lib/libz.so.1.2.11": [
        1589044592.5535026,
        1589044593.4868522
    ],
    "/usr/lib/libutil.so.1": [
        1589044592.5435023,
        1589044593.4735186
    ],
    "/usr/lib/liblzma.so.5.2.5": [
        1589044592.59017,
        1589044593.5235195
    ],
    "/usr/lib/libattr.so.1": [
        1589044592.533502,
        1589044593.4701853
    ],
    "/usr/lib/libz.so": [
        1589044592.5535026,
        1589044593.4868522
    ],
    "/usr/lib/libdl.so": [
        1589044592.5435023,
        1589044593.4735186
    ],
    "/usr/lib/liblzma.so.5": [
        1589044592.59017,
        1589044593.5235195
    ],
    "/usr/lib/liblzma.so": [
        1589044592.59017,
        1589044593.5235195
    ],
    "/usr/lib/libattr.so": [
        1589044592.533502,
        1589044593.4701853
    ],
    "/usr/lib/libacl.so.1": [
        1589044592.533502,
        1589044593.4701853
    ],
    "/usr/lib/libpthread.so": [
        1589044592.5435023,
        1589044593.4735186
    ],
    "/usr/lib/libbz2.so": [
        1589044592.59017,
        1589044593.5235195
    ],
    "/usr/lib/libpthread.so.0": [
        1589044592.5435023,
        1589044593.4735186
    ],
    "/usr/lib/libbz2.so.1.0": [
        1589044592.59017,
        1589044593.5235195
    ],
    "/usr/lib/libacl.so.1.1.2253": [
        1589044592.533502,
        1589044593.4701853
    ],
    "/usr/lib/libc-2.31.so": [
        1589044592.5435023,
        1589044593.4735186
    ],
    "/usr/lib/libacl.so": [
        1589044592.533502,
        1589044593.4701853
    ],
    "/usr/lib/libc.so.6": [
        1589044592.5435023,
        1589044593.4735186
    ],
    "/usr/lib/libm-2.31.so": [
        1589044592.5435023,
        1589044593.4735186
    ],
    "/usr/lib/libz.so.1": [
        1589044592.5535026,
        1589044593.4868522
    ],
    "/usr/lib/libm.so.6": [
        1589044592.5435023,
        1589044593.4735186
    ],
    "/usr/lib/ld-2.31.so": [
        1589044592.5435023,
        1589044593.4735186
    ],
    "/usr/lib/libcrypt.so": [
        1589044592.5435023,
        1589044593.4735186
    ],
    "/usr/lib/gconv/gconv-modules": [
        1589044592.5468357,
        1589044593.476852
    ],
    "/usr/lib/locale/locale-archive": [
        1589044592.5435023,
        1589044593.476852
    ],
    "/usr/share/zoneinfo/America/New_York": [
        1589044592.550169,
        1589044593.4835188
    ],
    "/usr/share/locale/locale.alias": [
        1589044592.5168352,
        1589044593.4701853
    ],
    "/usr/bin/rm": [
        1589044592.506835,
        1589044593.4735186
    ],
    "/usr/bin/tee": [
        1589044576.303185,
        1589044593.4701853
    ],
    "/usr/bin/mktemp": [
        1589044576.179849,
        1589044593.4668517
    ],
    "/usr/bin/cp": [
        1589044575.9798446,
        1589044593.4701853
    ],
    "/usr/bin/gettext": [
        1589044592.5168352,
        1589044593.4635184
    ],
    "/usr/bin/mkfifo": [
        1589044576.173182,
        1589044593.4668517
    ],
    "/etc/mtab": [
        1589044593.3168492,
        1589044594.2468653
    ],
    "/etc/localtime": [
        1589044592.550169,
        1589044593.4835188
    ],
    "/etc/ld.so.cache": [
        1589044592.59017,
        1589044593.5235195
    ]
}